id,title,filtered_words_str,label
R129,New Report on Election,sign entire paper test fact age. family quality. experts discuss ongoing developments election.,REAL
R227,New Report on Climate Change,believe charge free bad maybe class ground why. minute look ground color anything child those. experts discuss ongoing developments climate change.,REAL
F231,Aliens Confirmed by Sources,begin dog like current space view. great lot summer. — shocking claims aliens surface internet.,FAKE
R066,New Report on Policy,ready claim ahead beat space military now. face pull present help reason soon nation. experts discuss ongoing developments policy.,REAL
F095,Mind Control Confirmed by Sources,phone friend whole involve spring explain seek gas. thank energy girl. trouble particularly. — shocking claims mind control surface internet.,FAKE
R174,New Report on Policy,simply action relationship white heavy stand edge. prepare stuff page range. might member politics baby action matter. experts discuss ongoing developments policy.,REAL
R201,New Report on Public Health,environment agent song lead economic worry more. attention indeed single general central million collection. example probably camera full. experts discuss ongoing developments public health.,REAL
R072,New Report on Education,special author price third employee ever. since service participant beyond. travel resource air already again. experts discuss ongoing developments education.,REAL
R064,New Report on Research,movie pass teach. small station contain majority city enjoy rate. determine ground different soldier go part anyone. experts discuss ongoing developments research.,REAL
F037,Miracle Drug Confirmed by Sources,sister anyone necessary center reason list. buy former although hot include senior. — shocking claims miracle drug surface internet.,FAKE
R170,New Report on Technology Breakthrough,quickly bar. bit home college watch state. human grow sing spring share age mother who. experts discuss ongoing developments technology breakthrough.,REAL
F110,Celebrity Scandal Confirmed by Sources,treatment general present star. feeling participant wife staff station. — shocking claims celebrity scandal surface internet.,FAKE
F048,Secret Cure Confirmed by Sources,control event significant certainly human explain. management student trouble. — shocking claims secret cure surface internet.,FAKE
F082,Hoax Confirmed by Sources,area class conference party. across still specific whatever third local. eye probably benefit box threat office. — shocking claims hoax surface internet.,FAKE
F187,Miracle Drug Confirmed by Sources,reason answer everything thus. every film night seat work city. — shocking claims miracle drug surface internet.,FAKE
F027,Miracle Drug Confirmed by Sources,certain say agency. — shocking claims miracle drug surface internet.,FAKE
F202,Hoax Confirmed by Sources,later deep increase bill. — shocking claims hoax surface internet.,FAKE
F197,Secret Cure Confirmed by Sources,information close black. accept check first keep. — shocking claims secret cure surface internet.,FAKE
R128,New Report on Climate Change,idea gas fish form movie. place material part white card take reflect. tough billion response. experts discuss ongoing developments climate change.,REAL
F157,Government Cover-Up Confirmed by Sources,rise business test tough between. material report music. — shocking claims government cover-up surface internet.,FAKE
F117,Hoax Confirmed by Sources,air present memory indicate already white american. hold order since. — shocking claims hoax surface internet.,FAKE
F173,Secret Cure Confirmed by Sources,future religious forget company yet say as. sure three thing far much little. — shocking claims secret cure surface internet.,FAKE
F024,Aliens Confirmed by Sources,behind six consider main manage letter. information people agent. — shocking claims aliens surface internet.,FAKE
F096,Celebrity Scandal Confirmed by Sources,else political fire soldier blood voice. thank wrong discuss understand artist should. — shocking claims celebrity scandal surface internet.,FAKE
R247,New Report on Public Health,necessary become see three major purpose lead. experience government range factor soon. experts discuss ongoing developments public health.,REAL
F226,Government Cover-Up Confirmed by Sources,remember always purpose law. high speech note. — shocking claims government cover-up surface internet.,FAKE
F100,Flat Earth Confirmed by Sources,five start change ready century. study turn carry fine tax policy television allow. — shocking claims flat earth surface internet.,FAKE
F246,Government Cover-Up Confirmed by Sources,accept black resource position. deal parent space american require. — shocking claims government cover-up surface internet.,FAKE
F183,Aliens Confirmed by Sources,idea oil exactly. heart across movement kid. cultural adult spring culture response figure sister. — shocking claims aliens surface internet.,FAKE
R063,New Report on Policy,land interesting large general image sound pm nation. born say even. analysis wonder name range listen enter. experts discuss ongoing developments policy.,REAL
R005,New Report on Election,military couple commercial later amount. face student performance growth happy. experts discuss ongoing developments election.,REAL
R084,New Report on Election,media act several appear win environmental million. hear owner full report example. amount place fill cover five piece. experts discuss ongoing developments election.,REAL
R124,New Report on Education,tax part hard ten. experts discuss ongoing developments education.,REAL
R118,New Report on Research,degree individual decide whole guy institution possible. war work value develop tell. believe level ball whatever parent newspaper. institution kitchen staff away. experts discuss ongoing developments research.,REAL
F001,Aliens Confirmed by Sources,audience candidate high rise reality station. across follow magazine view pretty. happen since husband behavior. — shocking claims aliens surface internet.,FAKE
F007,Immortal Jellyfish Confirmed by Sources,economy capital nice fire team general machine. raise learn assume grow test physical. factor example south play treat. — shocking claims immortal jellyfish surface internet.,FAKE
F046,Mind Control Confirmed by Sources,current chair discover his. girl represent similar particular always. — shocking claims mind control surface internet.,FAKE
R103,New Report on Research,peace sing remain. human ability bring each. experts discuss ongoing developments research.,REAL
R037,New Report on Budget Report,position mrs pattern join position set do. indeed oil collection past. experts discuss ongoing developments budget report.,REAL
F193,Secret Cure Confirmed by Sources,half floor. edge coach sit theory build. customer behind build together woman. — shocking claims secret cure surface internet.,FAKE
R166,New Report on Election,fill range special. growth similar state act nice fine say. seek bill involve professor specific last analysis. experts discuss ongoing developments election.,REAL
F017,Immortal Jellyfish Confirmed by Sources,chance value direction explain. way happen trade bill debate. morning statement general fill manage few. — shocking claims immortal jellyfish surface internet.,FAKE
R008,New Report on Economic Growth,actually care coach you. according prepare detail arm. experts discuss ongoing developments economic growth.,REAL
F071,Celebrity Scandal Confirmed by Sources,floor team occur example exist. begin film son effort these. — shocking claims celebrity scandal surface internet.,FAKE
F028,Mind Control Confirmed by Sources,war card reveal small spend. image remain article set. — shocking claims mind control surface internet.,FAKE
F227,Immortal Jellyfish Confirmed by Sources,oil traditional know executive accept. — shocking claims immortal jellyfish surface internet.,FAKE
R200,New Report on Public Health,kitchen standard billion those. meeting dark like reflect business break. relationship government reality inside political. experts discuss ongoing developments public health.,REAL
R225,New Report on Climate Change,avoid list piece inside. season field south several seek experience term. experts discuss ongoing developments climate change.,REAL
R062,New Report on Budget Report,name past fish million. year window investment able control. economy development place. experts discuss ongoing developments budget report.,REAL
F033,Hoax Confirmed by Sources,difference show economy work professional environment. increase newspaper improve pattern leader. laugh vote build. — shocking claims hoax surface internet.,FAKE
F012,Hoax Confirmed by Sources,catch shoulder trade tax. resource dinner will. — shocking claims hoax surface internet.,FAKE
R121,New Report on Research,receive whose try child any. head. seat economy brother tree statement base relationship process. experts discuss ongoing developments research.,REAL
F210,Aliens Confirmed by Sources,avoid chance wear travel management. eat society hour alone ever manager. debate leg tough change close many. — shocking claims aliens surface internet.,FAKE
F151,Hoax Confirmed by Sources,form congress day better one religious. director attorney book support. — shocking claims hoax surface internet.,FAKE
F099,Secret Cure Confirmed by Sources,land baby growth give whose him. ever data fund man politics. — shocking claims secret cure surface internet.,FAKE
R090,New Report on Technology Breakthrough,meet assume require move. major song environmental beat. compare government wife behavior interest continue. experts discuss ongoing developments technology breakthrough.,REAL
R125,New Report on Budget Report,prove change attack no. site education. experts discuss ongoing developments budget report.,REAL
R091,New Report on Climate Change,measure thousand information. kid difference responsibility them. experts discuss ongoing developments climate change.,REAL
R157,New Report on Climate Change,leave local letter hard maintain general. need million camera floor officer total. sort young sense vote. experts discuss ongoing developments climate change.,REAL
F098,Miracle Drug Confirmed by Sources,one sort small. keep parent everybody. — shocking claims miracle drug surface internet.,FAKE
F164,Immortal Jellyfish Confirmed by Sources,standard person top idea. enjoy reflect word foot professor garden benefit. season might always lose. — shocking claims immortal jellyfish surface internet.,FAKE
R050,New Report on Economic Growth,rich office sister site president. difference couple bar approach. experts discuss ongoing developments economic growth.,REAL
R249,New Report on Climate Change,region laugh fight on. onto sing determine avoid respond address many. really agree share skin. experts discuss ongoing developments climate change.,REAL
R093,New Report on Election,open story member. population box laugh back. shake continue lawyer church coach town way. miss range attack. experts discuss ongoing developments election.,REAL
R131,New Report on Education,soon computer teacher wrong. matter cost across. experts discuss ongoing developments education.,REAL
F107,Flat Earth Confirmed by Sources,charge rule place information movement so. bill card design. community measure guy eight among appear series. — shocking claims flat earth surface internet.,FAKE
F153,Hoax Confirmed by Sources,piece beautiful lay special make. sing explain blood agreement suffer food. — shocking claims hoax surface internet.,FAKE
F091,Flat Earth Confirmed by Sources,two arrive. expect wonder information sign front fight early. attack thing station tough government. — shocking claims flat earth surface internet.,FAKE
R246,New Report on Economic Growth,office particularly find painting. remember thus lead. experts discuss ongoing developments economic growth.,REAL
F004,Secret Cure Confirmed by Sources,offer pick form task office positive herself. — shocking claims secret cure surface internet.,FAKE
F220,Celebrity Scandal Confirmed by Sources,social degree pay read measure newspaper. put brother power. thing young difficult military. page almost create i. — shocking claims celebrity scandal surface internet.,FAKE
F121,Hoax Confirmed by Sources,recognize rich drop day play floor. executive floor treat deal shoulder. — shocking claims hoax surface internet.,FAKE
F245,Mind Control Confirmed by Sources,political area never finish guy. budget lawyer suggest inside. — shocking claims mind control surface internet.,FAKE
R035,New Report on Climate Change,especially take buy book. identify fall compare effort top consider. experts discuss ongoing developments climate change.,REAL
R024,New Report on Education,whole source case. manage thing. experts discuss ongoing developments education.,REAL
F079,Miracle Drug Confirmed by Sources,old list environment stock try box. media party season share. — shocking claims miracle drug surface internet.,FAKE
R094,New Report on Policy,house others lawyer keep say. safe let short dark significant let. experts discuss ongoing developments policy.,REAL
R040,New Report on Policy,knowledge catch fly everyone produce. area across create impact one. experts discuss ongoing developments policy.,REAL
F170,Immortal Jellyfish Confirmed by Sources,whether call sense business wife treat similar. sound decision practice wrong simply college. wide population finally matter tax listen wide. college couple. — shocking claims immortal jellyfish surface internet.,FAKE
F130,Immortal Jellyfish Confirmed by Sources,night deal thing yeah. measure music place race. — shocking claims immortal jellyfish surface internet.,FAKE
R085,New Report on Economic Growth,impact community energy old recently deal. experts discuss ongoing developments economic growth.,REAL
R054,New Report on Budget Report,join collection including establish. office data human child forget book. fund media likely rock. experts discuss ongoing developments budget report.,REAL
R047,New Report on Technology Breakthrough,establish rich despite success none. democratic concern analysis wind theory evidence. city identify scene information enough. experts discuss ongoing developments technology breakthrough.,REAL
R199,New Report on Economic Growth,example step space kid bed. character agree happen among without individual meet. experts discuss ongoing developments economic growth.,REAL
F062,Miracle Drug Confirmed by Sources,report however song across glass provide life. factor sing material sit particularly. rise fly account exist local. — shocking claims miracle drug surface internet.,FAKE
R244,New Report on Technology Breakthrough,add consumer western try build able. number meet surface part. two beautiful none with. experts discuss ongoing developments technology breakthrough.,REAL
R107,New Report on Election,somebody hotel meet however bar type. spring course election message meet kid attack. authority mean hit buy unit cultural. plant finish side exist design quite. experts discuss ongoing developments election.,REAL
F148,Aliens Confirmed by Sources,southern health turn least prove board great. outside professional poor later safe live. — shocking claims aliens surface internet.,FAKE
F023,Mind Control Confirmed by Sources,hot expert simply however. — shocking claims mind control surface internet.,FAKE
R075,New Report on Budget Report,couple stay international visit. win rate prepare water within manage science. security rise level democrat. lose around institution age audience yeah. experts discuss ongoing developments budget report.,REAL
R220,New Report on Public Health,tough crime value newspaper. ball store. must pull issue police hotel sort assume response. budget agree finally purpose tend. experts discuss ongoing developments public health.,REAL
R099,New Report on Economic Growth,western population store particularly line. tree culture music air. matter every political least nice final time condition. experts discuss ongoing developments economic growth.,REAL
F066,Flat Earth Confirmed by Sources,turn drug network his. push office result drive explain. — shocking claims flat earth surface internet.,FAKE
F060,Flat Earth Confirmed by Sources,involve wind practice as. last check task language exactly mean. — shocking claims flat earth surface internet.,FAKE
F022,Government Cover-Up Confirmed by Sources,perhaps site off. talk thought music chair son investment administration. stock near wish treat teacher discuss value need. — shocking claims government cover-up surface internet.,FAKE
F127,Mind Control Confirmed by Sources,support partner unit recently ahead center minute. group away right. woman difference identify across. — shocking claims mind control surface internet.,FAKE
R212,New Report on Education,business imagine across candidate window. final federal door wife level contain whatever. experts discuss ongoing developments education.,REAL
F119,Mind Control Confirmed by Sources,suggest performance nation similar number. wish middle sign major appear. agency feeling mother indeed current change. suggest music treat finish. — shocking claims mind control surface internet.,FAKE
F103,Hoax Confirmed by Sources,see member. develop full trouble toward baby. section performance pressure decide daughter. — shocking claims hoax surface internet.,FAKE
F191,Mind Control Confirmed by Sources,country account fish cultural trade. western figure perform address. — shocking claims mind control surface internet.,FAKE
F002,Mind Control Confirmed by Sources,reason read box car outside nothing. — shocking claims mind control surface internet.,FAKE
R155,New Report on Election,spring believe call guess single for. feel oil expect minute. case knowledge hit cup forget. goal modern six close cup energy. experts discuss ongoing developments election.,REAL
R006,New Report on Technology Breakthrough,resource design serve everyone believe. guy top data. company chance appear suddenly across approach number author. experts discuss ongoing developments technology breakthrough.,REAL
F086,Government Cover-Up Confirmed by Sources,nature station inside city speak child. power last pass sing offer. suddenly treat fund since american long employee interview. young less option yet mission. — shocking claims government cover-up surface internet.,FAKE
R168,New Report on Election,cover area individual it. pick his. experts discuss ongoing developments election.,REAL
R077,New Report on Public Health,future list church debate they. consumer majority pressure true across create create. however glass mr box position management major. experts discuss ongoing developments public health.,REAL
F209,Hoax Confirmed by Sources,low spring modern. well employee argue remain conference how. — shocking claims hoax surface internet.,FAKE
R236,New Report on Public Health,head town administration research peace one economy. trade become loss production whom. turn fear family. experts discuss ongoing developments public health.,REAL
F186,Aliens Confirmed by Sources,true account girl company likely. big discuss arrive prove next program. resource world clearly evidence avoid total. — shocking claims aliens surface internet.,FAKE
R243,New Report on Public Health,apply investment leave white author. born play paper past water parent. experts discuss ongoing developments public health.,REAL
F094,Immortal Jellyfish Confirmed by Sources,ability kind data new able. hand real skin produce stay look structure. wait live wrong say alone. — shocking claims immortal jellyfish surface internet.,FAKE
R032,New Report on Economic Growth,type treat hospital respond program throughout thing. experts discuss ongoing developments economic growth.,REAL
R033,New Report on Education,owner pretty movement though. yard ever collection throughout account product economic. provide travel role. open pretty note lead result newspaper. experts discuss ongoing developments education.,REAL
R045,New Report on Technology Breakthrough,husband return glass. religious design opportunity. without serve fly food enjoy hair. experts discuss ongoing developments technology breakthrough.,REAL
R116,New Report on Education,long enter rather feeling although. always arm board clearly state company way. provide five discussion away bit. experts discuss ongoing developments education.,REAL
F056,Celebrity Scandal Confirmed by Sources,alone dream husband quality tough crime. final ago federal and. — shocking claims celebrity scandal surface internet.,FAKE
R043,New Report on Policy,guy development key magazine hot. within third. player system across put chair wall. around adult white step soldier. experts discuss ongoing developments policy.,REAL
R145,New Report on Economic Growth,two officer society goal. event particularly year computer western house. street image especially concern. experts discuss ongoing developments economic growth.,REAL
F200,Secret Cure Confirmed by Sources,involve wide push. better detail finish entire participant back different. response police family. — shocking claims secret cure surface internet.,FAKE
F034,Celebrity Scandal Confirmed by Sources,provide two century surface. people past pull establish. weight base mother interesting. level believe step ever bank. — shocking claims celebrity scandal surface internet.,FAKE
F149,Secret Cure Confirmed by Sources,clear opportunity little leader air. lead rise better leave address receive. — shocking claims secret cure surface internet.,FAKE
F051,Secret Cure Confirmed by Sources,reduce end seat focus. suffer particular car decade hold hand. mother real investment. — shocking claims secret cure surface internet.,FAKE
F089,Flat Earth Confirmed by Sources,collection call probably hold total. space avoid study before. recent option address probably present worker. — shocking claims flat earth surface internet.,FAKE
F135,Flat Earth Confirmed by Sources,attention agreement daughter page. — shocking claims flat earth surface internet.,FAKE
F088,Government Cover-Up Confirmed by Sources,coach able ahead media simple. child process store congress area focus. — shocking claims government cover-up surface internet.,FAKE
R010,New Report on Election,spend. mean song deal personal local. experts discuss ongoing developments election.,REAL
R211,New Report on Policy,president finish big author result. appear series since number quite. pretty play operation account structure account receive. experts discuss ongoing developments policy.,REAL
F204,Miracle Drug Confirmed by Sources,southern owner race show attorney different often. piece find hospital third. — shocking claims miracle drug surface internet.,FAKE
F168,Miracle Drug Confirmed by Sources,school score all. kitchen food drive prevent apply ground hospital. see rock field animal. — shocking claims miracle drug surface internet.,FAKE
R011,New Report on Public Health,marriage hour property list son. majority smile. experts discuss ongoing developments public health.,REAL
R232,New Report on Climate Change,cold perform alone first. experts discuss ongoing developments climate change.,REAL
R042,New Report on Public Health,want answer sometimes. heart heavy recently bring. experts discuss ongoing developments public health.,REAL
F182,Hoax Confirmed by Sources,condition war win use green write. stage discover agree family air. pressure cell best. — shocking claims hoax surface internet.,FAKE
F036,Miracle Drug Confirmed by Sources,make evening worry popular. economic attention dog town senior mouth listen. — shocking claims miracle drug surface internet.,FAKE
F068,Secret Cure Confirmed by Sources,center become avoid education central see effort fish. minute south boy general box generation. — shocking claims secret cure surface internet.,FAKE
R015,New Report on Election,throughout choice agreement serious space member. movie green phone catch cell six. experts discuss ongoing developments election.,REAL
R147,New Report on Climate Change,property direction significant doctor site present daughter. process huge. significant poor land prepare. experts discuss ongoing developments climate change.,REAL
F198,Government Cover-Up Confirmed by Sources,even form resource. fill near remember source record. congress five director usually. — shocking claims government cover-up surface internet.,FAKE
R081,New Report on Climate Change,away soon staff. mind let consider nature. experts discuss ongoing developments climate change.,REAL
F050,Aliens Confirmed by Sources,leader fish notice rise. next example truth so. blue fall risk report player. — shocking claims aliens surface internet.,FAKE
F162,Celebrity Scandal Confirmed by Sources,open discussion central car. sometimes party sport debate really exist. — shocking claims celebrity scandal surface internet.,FAKE
R028,New Report on Technology Breakthrough,also even claim ability. attack manager use sister remain. test remain teacher card. recently trip fear civil laugh. experts discuss ongoing developments technology breakthrough.,REAL
R195,New Report on Budget Report,behind actually according trade among. need spring standard mrs pass structure ball. experts discuss ongoing developments budget report.,REAL
F116,Aliens Confirmed by Sources,manager nice talk must artist compare design. inside building dark parent. late seat stuff chance week hard. — shocking claims aliens surface internet.,FAKE
R018,New Report on Research,give floor number large avoid man. relate power class speak. bag buy paper woman administration. experts discuss ongoing developments research.,REAL
F073,Immortal Jellyfish Confirmed by Sources,majority kind chair attorney present step. agency couple table describe. step sea make attack. article body toward. — shocking claims immortal jellyfish surface internet.,FAKE
F059,Miracle Drug Confirmed by Sources,study although data son nature difference organization. central college. — shocking claims miracle drug surface internet.,FAKE
R078,New Report on Budget Report,mission business future measure onto fact change effort. beautiful food visit. father reach risk two. experts discuss ongoing developments budget report.,REAL
F216,Secret Cure Confirmed by Sources,note fast dog fine. much treatment receive. — shocking claims secret cure surface internet.,FAKE
F206,Celebrity Scandal Confirmed by Sources,provide spring one. find half benefit pull last likely task. — shocking claims celebrity scandal surface internet.,FAKE
R036,New Report on Research,key group better already forget of. newspaper newspaper owner bed democrat how. experts discuss ongoing developments research.,REAL
F104,Aliens Confirmed by Sources,bring tv data painting. — shocking claims aliens surface internet.,FAKE
F000,Hoax Confirmed by Sources,author see drop. — shocking claims hoax surface internet.,FAKE
R136,New Report on Education,institution suggest like sense protect tell. wish others fight carry entire election miss pattern. experts discuss ongoing developments education.,REAL
F019,Immortal Jellyfish Confirmed by Sources,hotel bag note. likely outside brother way. — shocking claims immortal jellyfish surface internet.,FAKE
R012,New Report on Technology Breakthrough,long oil store old summer high cold service. develop success teach must meet adult. experts discuss ongoing developments technology breakthrough.,REAL
R052,New Report on Education,agreement notice soldier society. pressure hit station kid fear. experts discuss ongoing developments education.,REAL
R123,New Report on Climate Change,firm yes town compare. table treatment usually professional personal. crime development soldier foreign market man. experts discuss ongoing developments climate change.,REAL
F040,Government Cover-Up Confirmed by Sources,change able media performance network conference. skill sense laugh contain land. — shocking claims government cover-up surface internet.,FAKE
R160,New Report on Climate Change,maintain current indicate foreign return. yes defense art as. hotel free movement fast. politics measure quality. experts discuss ongoing developments climate change.,REAL
F067,Immortal Jellyfish Confirmed by Sources,push lose develop something song senior market. unit president someone. staff walk material expert meet song account. — shocking claims immortal jellyfish surface internet.,FAKE
R069,New Report on Research,body national daughter imagine money level. direction trade wait he. experts discuss ongoing developments research.,REAL
F160,Mind Control Confirmed by Sources,old author financial receive nearly tough green. kid go way. produce structure general available stock collection. — shocking claims mind control surface internet.,FAKE
F053,Hoax Confirmed by Sources,trouble notice future perform among. upon weight drop. — shocking claims hoax surface internet.,FAKE
R074,New Report on Education,magazine pay hospital. local decade appear instead wait able tell. experts discuss ongoing developments education.,REAL
R007,New Report on Election,become however simply study fall current. middle reveal visit none speech per. experts discuss ongoing developments election.,REAL
R119,New Report on Climate Change,appear choice occur color detail billion learn. recently agreement experience speech admit wall. experts discuss ongoing developments climate change.,REAL
R087,New Report on Budget Report,relate decade hand on. member us act deal. night something foreign. experts discuss ongoing developments budget report.,REAL
F145,Miracle Drug Confirmed by Sources,middle without build great cut we. old center conference two expect. actually activity special capital coach college. commercial wear morning bed expect manager. — shocking claims miracle drug surface internet.,FAKE
R065,New Report on Budget Report,safe local second admit detail. tend really site drop general forget travel. vote beat recently today. experts discuss ongoing developments budget report.,REAL
R208,New Report on Budget Report,heart ball soldier live civil president practice. two us reach senior style hot. experts discuss ongoing developments budget report.,REAL
R048,New Report on Budget Report,set central return hundred behind police simply. plan hard seem center six experience ready. east deep policy. experts discuss ongoing developments budget report.,REAL
F076,Aliens Confirmed by Sources,price news wish writer debate industry former standard. job industry cultural need coach. — shocking claims aliens surface internet.,FAKE
R019,New Report on Policy,cut president table air. rich us board movie ready. experts discuss ongoing developments policy.,REAL
F115,Immortal Jellyfish Confirmed by Sources,brother debate make position value floor. kind language room tell result. — shocking claims immortal jellyfish surface internet.,FAKE
R031,New Report on Education,trouble example action staff. rest however trial. language join pretty. industry place course hour baby. experts discuss ongoing developments education.,REAL
R190,New Report on Research,language blue health sure service. lot couple enough despite financial trial car. together indicate seat experience pretty. experts discuss ongoing developments research.,REAL
F057,Mind Control Confirmed by Sources,pass plan rate place to. leg food south. child common shoulder happen truth significant. — shocking claims mind control surface internet.,FAKE
F158,Immortal Jellyfish Confirmed by Sources,hard key talk evening wife life. — shocking claims immortal jellyfish surface internet.,FAKE
F234,Flat Earth Confirmed by Sources,direction cup power. together well paper test everyone serious. — shocking claims flat earth surface internet.,FAKE
F155,Flat Earth Confirmed by Sources,second design environmental appear ready light home explain. responsibility position price. number reach different exist student. — shocking claims flat earth surface internet.,FAKE
F106,Flat Earth Confirmed by Sources,actually success listen job discussion opportunity town. join show forget drug. travel turn one business across. quality feel write. — shocking claims flat earth surface internet.,FAKE
R051,New Report on Policy,ok stage machine call instead customer. reveal training ready professional culture. five chair take respond become. money style risk middle carry analysis store. experts discuss ongoing developments policy.,REAL
R203,New Report on Education,look ahead evidence likely. history difference worry design player arrive tend student. least level remember positive modern money. experts discuss ongoing developments education.,REAL
F063,Secret Cure Confirmed by Sources,establish effect radio office seat exactly. economic race government particular difference successful because. glass daughter dog deep seven kind writer position. — shocking claims secret cure surface internet.,FAKE
R080,New Report on Policy,beat nation sometimes police. good kitchen task positive successful wish offer. name take. experts discuss ongoing developments policy.,REAL
R226,New Report on Public Health,effect movie purpose. choose trip ask. within candidate similar yes best. experts discuss ongoing developments public health.,REAL
F144,Hoax Confirmed by Sources,fact power scientist suffer future. bag executive name. — shocking claims hoax surface internet.,FAKE
F241,Flat Earth Confirmed by Sources,organization affect state husband later let among. west relationship boy tax. material article become crime. — shocking claims flat earth surface internet.,FAKE
R150,New Report on Election,bring second education. space role want shake manage. experts discuss ongoing developments election.,REAL
R153,New Report on Research,attention finish future approach skill. continue born. free production theory hotel. experts discuss ongoing developments research.,REAL
F175,Hoax Confirmed by Sources,single manage require pick modern west high goal. fire probably house poor executive particularly scene. mrs manager hot. — shocking claims hoax surface internet.,FAKE
F161,Immortal Jellyfish Confirmed by Sources,soon see recent prevent decade. nice leg rest maintain. recognize debate professor radio. — shocking claims immortal jellyfish surface internet.,FAKE
F147,Secret Cure Confirmed by Sources,culture character lawyer senior. drive hit south tell unit drive around. — shocking claims secret cure surface internet.,FAKE
F018,Secret Cure Confirmed by Sources,bank able member result street air list whether. teacher away huge. even consider about. maintain modern interview believe anything. — shocking claims secret cure surface internet.,FAKE
F211,Celebrity Scandal Confirmed by Sources,allow western himself. exactly even television pick listen up. — shocking claims celebrity scandal surface internet.,FAKE
R117,New Report on Research,local manager music now. find finish visit position interview style hair. experts discuss ongoing developments research.,REAL
F016,Aliens Confirmed by Sources,drop plan say measure for. big seek talk economic new. night fire us quality resource. — shocking claims aliens surface internet.,FAKE
F029,Flat Earth Confirmed by Sources,later news exist game agree situation mother. send could. — shocking claims flat earth surface internet.,FAKE
F205,Celebrity Scandal Confirmed by Sources,grow participant agreement bar. phone home ball likely policy. — shocking claims celebrity scandal surface internet.,FAKE
R112,New Report on Economic Growth,physical water color close line step. experts discuss ongoing developments economic growth.,REAL
F218,Government Cover-Up Confirmed by Sources,early war road person end color. law american back smile necessary. religious seek cover. tonight adult turn difficult. — shocking claims government cover-up surface internet.,FAKE
R187,New Report on Education,single assume agree need forward. teacher suddenly heart cause recent. experts discuss ongoing developments education.,REAL
F087,Celebrity Scandal Confirmed by Sources,goal arm may contain return which. senior manager involve center. sister evening pay education scene mind. — shocking claims celebrity scandal surface internet.,FAKE
R171,New Report on Education,free southern different skin particularly indeed station. meeting toward wall collection everything yourself. final kid relate. society carry thus line image oil. experts discuss ongoing developments education.,REAL
R113,New Report on Technology Breakthrough,right bank order message policy hundred audience next. although expect identify executive. experts discuss ongoing developments technology breakthrough.,REAL
R222,New Report on Public Health,part listen pay. sense bed report owner long inside tree nation. age near note ready. experts discuss ongoing developments public health.,REAL
F233,Secret Cure Confirmed by Sources,bill north player hot bar north. appear question low. write speak culture significant plant. — shocking claims secret cure surface internet.,FAKE
R223,New Report on Climate Change,class despite suggest. ability item later. experts discuss ongoing developments climate change.,REAL
F224,Secret Cure Confirmed by Sources,ever democratic experience order party operation culture. others number remain themselves. — shocking claims secret cure surface internet.,FAKE
R181,New Report on Climate Change,evidence similar affect board ahead find. experts discuss ongoing developments climate change.,REAL
R056,New Report on Public Health,ask blood law them. experts discuss ongoing developments public health.,REAL
R110,New Report on Education,option already under. individual tough hundred. program usually head instead window right shoulder. experts discuss ongoing developments education.,REAL
R219,New Report on Education,speak think success produce stock town. maintain war others often. center health open hundred. experts discuss ongoing developments education.,REAL
R224,New Report on Education,well thank magazine. interview billion store will. old ago prove suddenly party management able. experts discuss ongoing developments education.,REAL
F178,Immortal Jellyfish Confirmed by Sources,stay wall worry possible enough. key market style. — shocking claims immortal jellyfish surface internet.,FAKE
F074,Secret Cure Confirmed by Sources,arm event song join. green despite argue want smile nation movie. — shocking claims secret cure surface internet.,FAKE
R034,New Report on Budget Report,black throw final also write. structure view political understand across call. experts discuss ongoing developments budget report.,REAL
R095,New Report on Policy,term decision heart prove probably like receive. experts discuss ongoing developments policy.,REAL
F011,Aliens Confirmed by Sources,idea defense do. hard gun science pm strategy. plan much practice. — shocking claims aliens surface internet.,FAKE
R162,New Report on Policy,wind day eye pull rich. wife particularly arrive recognize firm adult. experts discuss ongoing developments policy.,REAL
R218,New Report on Election,data kind fund indicate store base. small research chance amount trouble whether. also change record benefit. experts discuss ongoing developments election.,REAL
F136,Miracle Drug Confirmed by Sources,authority summer nearly history through. responsibility office summer leg. energy road single owner close budget debate. — shocking claims miracle drug surface internet.,FAKE
R108,New Report on Economic Growth,mother stay need number. nation wrong machine drug. ok loss today yeah skill experience usually. experts discuss ongoing developments economic growth.,REAL
R186,New Report on Research,mission direction specific administration college tonight everything. meeting second different right center special least environment. since child dog list attorney treatment. experts discuss ongoing developments research.,REAL
R248,New Report on Technology Breakthrough,dream mean city lose six tax upon everyone. set able teach dog serious. drug wonder money reality work rather could. experts discuss ongoing developments technology breakthrough.,REAL
F045,Immortal Jellyfish Confirmed by Sources,garden late price issue eye source professor mrs. sit friend research art discussion single. — shocking claims immortal jellyfish surface internet.,FAKE
F092,Secret Cure Confirmed by Sources,energy power nature buy. — shocking claims secret cure surface internet.,FAKE
R100,New Report on Technology Breakthrough,focus goal away senior measure buy. nice reality guess. edge generation course possible value build. experts discuss ongoing developments technology breakthrough.,REAL
F075,Miracle Drug Confirmed by Sources,character campaign chair society. better art measure defense. — shocking claims miracle drug surface internet.,FAKE
R059,New Report on Technology Breakthrough,player perform light sort focus minute. experts discuss ongoing developments technology breakthrough.,REAL
F213,Hoax Confirmed by Sources,wide discuss nothing public. season win investment bar easy. message likely card accept soldier must care. protect bit town commercial power article surface. — shocking claims hoax surface internet.,FAKE
R233,New Report on Education,around word clearly player network. medical degree red certainly early. experts discuss ongoing developments education.,REAL
F072,Mind Control Confirmed by Sources,know development middle wait style none. theory issue special generation concern. — shocking claims mind control surface internet.,FAKE
R184,New Report on Budget Report,exactly rule commercial pass. rule involve interest marriage idea perhaps. price provide half experience far trade. experts discuss ongoing developments budget report.,REAL
F134,Secret Cure Confirmed by Sources,various player month. brother billion guess protect learn mouth. — shocking claims secret cure surface internet.,FAKE
R096,New Report on Research,anyone month foot. open first career return tell. experts discuss ongoing developments research.,REAL
R020,New Report on Policy,eye detail provide artist. try bring security. experts discuss ongoing developments policy.,REAL
R067,New Report on Policy,son environment order eat. guy service feeling position follow official list company. third century media. experts discuss ongoing developments policy.,REAL
R215,New Report on Education,suddenly television character away director. surface compare picture prepare movement. start road anything american stock however president. experts discuss ongoing developments education.,REAL
R127,New Report on Policy,far stay process compare federal. probably month human fill idea technology. church indeed middle long. experts discuss ongoing developments policy.,REAL
R235,New Report on Technology Breakthrough,black especially management story less security. serve eye eight population eye. rise bar charge. single red describe professor candidate other. experts discuss ongoing developments technology breakthrough.,REAL
R163,New Report on Climate Change,offer account party past. bed idea keep forget better just. order sound figure perhaps nature here. experts discuss ongoing developments climate change.,REAL
R002,New Report on Education,find hope treat fly east. reveal occur suddenly seem wide open drive step. experts discuss ongoing developments education.,REAL
R021,New Report on Education,draw nothing see general east behind peace. power hard head bed page security source general. experts discuss ongoing developments education.,REAL
R013,New Report on Technology Breakthrough,party light support suffer. community get reality. experts discuss ongoing developments technology breakthrough.,REAL
F195,Flat Earth Confirmed by Sources,bit show sing beautiful open. street administration behavior baby control seven consumer. — shocking claims flat earth surface internet.,FAKE
R101,New Report on Research,stock past pressure structure blood establish something. many store key second important action. force development prepare call. experts discuss ongoing developments research.,REAL
R055,New Report on Research,political baby capital add. effect seven describe pressure range watch rest affect. resource foot simply alone. experts discuss ongoing developments research.,REAL
F190,Secret Cure Confirmed by Sources,size attorney. fund different wish material sense about. card room single. — shocking claims secret cure surface internet.,FAKE
R004,New Report on Education,benefit difficult police month add blue pretty newspaper. game next property culture treat. experts discuss ongoing developments education.,REAL
F080,Celebrity Scandal Confirmed by Sources,carry month beyond. shoulder plant west coach possible feeling unit. wall place want. — shocking claims celebrity scandal surface internet.,FAKE
F049,Hoax Confirmed by Sources,heavy i. — shocking claims hoax surface internet.,FAKE
F184,Secret Cure Confirmed by Sources,success reason everybody certain reason space. almost allow moment value situation human. ball little save necessary away alone. — shocking claims secret cure surface internet.,FAKE
F030,Secret Cure Confirmed by Sources,popular exactly finish interview dinner hard. lot father either role. born short job other. — shocking claims secret cure surface internet.,FAKE
R213,New Report on Budget Report,hold computer foreign. structure exactly actually right group. red federal determine technology author defense. experts discuss ongoing developments budget report.,REAL
F128,Immortal Jellyfish Confirmed by Sources,several speak good present growth course without. letter newspaper congress there. — shocking claims immortal jellyfish surface internet.,FAKE
R231,New Report on Policy,foreign always must dream might. institution yeah else visit. experts discuss ongoing developments policy.,REAL
R061,New Report on Technology Breakthrough,anything physical call. experts discuss ongoing developments technology breakthrough.,REAL
R137,New Report on Education,organization maintain sound value car pick share serve. member development enough easy. experts discuss ongoing developments education.,REAL
R185,New Report on Technology Breakthrough,represent religious decide. black see nice white. son figure focus sea support. experts discuss ongoing developments technology breakthrough.,REAL
R204,New Report on Technology Breakthrough,get prepare report town. score day buy amount. fight court election. experts discuss ongoing developments technology breakthrough.,REAL
F217,Immortal Jellyfish Confirmed by Sources,chance wait civil teach participant building. activity know brother issue term. suffer admit series interest thank field box. — shocking claims immortal jellyfish surface internet.,FAKE
F176,Miracle Drug Confirmed by Sources,measure indicate exactly build fire. similar light general east magazine quickly. product teacher sell coach game. customer thing social social. — shocking claims miracle drug surface internet.,FAKE
R245,New Report on Technology Breakthrough,network young sure. town move recent attention enjoy. experts discuss ongoing developments technology breakthrough.,REAL
R104,New Report on Election,life particular democratic quickly begin entire think. experts discuss ongoing developments election.,REAL
F156,Flat Earth Confirmed by Sources,range blue positive medical course sister couple not. hotel treat technology skin. — shocking claims flat earth surface internet.,FAKE
R194,New Report on Election,thing politics buy include. represent matter else level company. develop maybe drive else someone. experts discuss ongoing developments election.,REAL
R161,New Report on Technology Breakthrough,record lay say medical money deep trip. budget woman collection. experts discuss ongoing developments technology breakthrough.,REAL
F113,Immortal Jellyfish Confirmed by Sources,station floor benefit member draw. market force along. understand home section. — shocking claims immortal jellyfish surface internet.,FAKE
F150,Hoax Confirmed by Sources,build interesting set take huge energy network. party director structure lose account congress alone themselves. general reflect management material anything wait. — shocking claims hoax surface internet.,FAKE
F047,Miracle Drug Confirmed by Sources,activity professional get long. experience green high bag history pattern. — shocking claims miracle drug surface internet.,FAKE
F008,Hoax Confirmed by Sources,commercial current least news consumer. federal believe might week those. around product scientist employee kind peace. — shocking claims hoax surface internet.,FAKE
F229,Aliens Confirmed by Sources,age culture although out. much pull second play when. — shocking claims aliens surface internet.,FAKE
R001,New Report on Research,key light five move and. street sing return carry tough majority. ground maintain size reduce. experts discuss ongoing developments research.,REAL
R241,New Report on Public Health,use guy try. order want suggest week perform. experts discuss ongoing developments public health.,REAL
R198,New Report on Climate Change,gas move entire nice. bill dream hope product. experts discuss ongoing developments climate change.,REAL
R229,New Report on Research,kid race strong many enjoy cause reveal. question law position score until. support run. experts discuss ongoing developments research.,REAL
R205,New Report on Public Health,player become piece impact. affect mrs trade. star western able. serve available past car prepare. experts discuss ongoing developments public health.,REAL
F123,Celebrity Scandal Confirmed by Sources,difficult future project cost. beyond structure vote city. training evidence available huge book example everybody. approach money player. — shocking claims celebrity scandal surface internet.,FAKE
F043,Celebrity Scandal Confirmed by Sources,education require cause sure floor suggest break trip. rock information operation still. — shocking claims celebrity scandal surface internet.,FAKE
F097,Celebrity Scandal Confirmed by Sources,agent recognize floor paper. high wish example per increase change. — shocking claims celebrity scandal surface internet.,FAKE
R014,New Report on Research,vote pm able member cut. candidate try election. travel story majority suddenly. experts discuss ongoing developments research.,REAL
F005,Flat Earth Confirmed by Sources,left fact free set news. push right evening may. recognize artist large. — shocking claims flat earth surface internet.,FAKE
R234,New Report on Research,compare religious purpose set task cup. financial read area practice animal really. lay society number air. experts discuss ongoing developments research.,REAL
F143,Aliens Confirmed by Sources,become understand growth role city. consider skin story control. — shocking claims aliens surface internet.,FAKE
R073,New Report on Economic Growth,market represent ready bank. today system history personal media. experts discuss ongoing developments economic growth.,REAL
R239,New Report on Education,adult admit though father him. since commercial evening month standard. large trouble exist international high bring never participant. experts discuss ongoing developments education.,REAL
F181,Aliens Confirmed by Sources,ago write hope information quality statement. improve begin always recognize. — shocking claims aliens surface internet.,FAKE
R138,New Report on Election,father protect lot condition forward response american. travel move join hard nation budget beyond after. experts discuss ongoing developments election.,REAL
R172,New Report on Economic Growth,animal machine senior team get follow center activity. third us choice. standard study environmental challenge deal success win. experts discuss ongoing developments economic growth.,REAL
R143,New Report on Policy,discussion early air water international upon. action conference buy history receive large. experts discuss ongoing developments policy.,REAL
F166,Mind Control Confirmed by Sources,billion matter mouth reduce capital sound. view try tonight start together grow finish. money hard beautiful open home establish. — shocking claims mind control surface internet.,FAKE
R003,New Report on Budget Report,matter way data question sure radio approach. reality evidence stock order treatment begin. experts discuss ongoing developments budget report.,REAL
R167,New Report on Climate Change,type finally television top support. social official building. experts discuss ongoing developments climate change.,REAL
R183,New Report on Climate Change,page floor help recent sister my. maybe material together good continue. us hit cause meet. experts discuss ongoing developments climate change.,REAL
R238,New Report on Technology Breakthrough,center government message sport. different artist professional seat. experts discuss ongoing developments technology breakthrough.,REAL
R041,New Report on Election,discuss poor imagine turn from. understand speak fill along set. military prepare role area around. experts discuss ongoing developments election.,REAL
F237,Government Cover-Up Confirmed by Sources,product tree generation surface arrive. tend line probably know down. — shocking claims government cover-up surface internet.,FAKE
R086,New Report on Research,bit resource matter himself. agent according course discover former. go management player sport religious major gun. experts discuss ongoing developments research.,REAL
R240,New Report on Policy,probably use start partner. behind others fly majority group defense success buy. figure read senior true dream gun stuff language. reach course entire. experts discuss ongoing developments policy.,REAL
R133,New Report on Public Health,former high former already. lawyer rather focus six. rule fall training treat past. strategy nearly picture action still final. experts discuss ongoing developments public health.,REAL
F044,Hoax Confirmed by Sources,increase much imagine line onto someone travel industry. chair quickly clearly. ability agent job walk operation traditional. computer evening risk social professional source learn support. — shocking claims hoax surface internet.,FAKE
F125,Government Cover-Up Confirmed by Sources,party technology offer city team voice suffer same. soldier team billion environment authority six. resource lead environment fund street. — shocking claims government cover-up surface internet.,FAKE
F165,Secret Cure Confirmed by Sources,either southern site. practice reality eight assume hope. — shocking claims secret cure surface internet.,FAKE
F137,Flat Earth Confirmed by Sources,power entire report response loss lawyer government. money technology region capital choice early. plan high people action. — shocking claims flat earth surface internet.,FAKE
R088,New Report on Research,heavy environmental anything. face south although. future operation. experts discuss ongoing developments research.,REAL
R169,New Report on Technology Breakthrough,time positive develop world. believe site water foot throw. always successful eight new daughter water within. experts discuss ongoing developments technology breakthrough.,REAL
R193,New Report on Technology Breakthrough,another plan nice catch such. major according care religious song drug. experts discuss ongoing developments technology breakthrough.,REAL
F247,Mind Control Confirmed by Sources,discuss argue media drive prevent water sing. window after. — shocking claims mind control surface internet.,FAKE
R179,New Report on Technology Breakthrough,explain back beyond before. need know west everything news news sister. garden reduce city lawyer live bring. according although six health toward. experts discuss ongoing developments technology breakthrough.,REAL
F138,Immortal Jellyfish Confirmed by Sources,fear guess natural mind able old accept. american morning current land almost. defense question suggest guess. — shocking claims immortal jellyfish surface internet.,FAKE
R017,New Report on Policy,style culture plan painting yes believe early. movie pass culture book any. color officer expect follow daughter. experts discuss ongoing developments policy.,REAL
F090,Mind Control Confirmed by Sources,purpose become return organization letter. business right international live really. — shocking claims mind control surface internet.,FAKE
F222,Mind Control Confirmed by Sources,fund know great area. claim admit anything military career. — shocking claims mind control surface internet.,FAKE
R114,New Report on Climate Change,vote firm ahead determine mr check. message deal return staff floor catch court. recognize particular occur past mind lay voice. experts discuss ongoing developments climate change.,REAL
F235,Celebrity Scandal Confirmed by Sources,well yes large risk truth race pm. — shocking claims celebrity scandal surface internet.,FAKE
F185,Hoax Confirmed by Sources,upon economic common memory minute. officer share skin general. go big traditional city player poor. — shocking claims hoax surface internet.,FAKE
F221,Flat Earth Confirmed by Sources,day fast east discussion business class. smile community travel town read could. — shocking claims flat earth surface internet.,FAKE
F054,Secret Cure Confirmed by Sources,thought want customer tough interesting beat thought. war north feeling six reach style. — shocking claims secret cure surface internet.,FAKE
R000,New Report on Public Health,treat dinner enter including describe modern great. easy partner either miss. man role garden. experts discuss ongoing developments public health.,REAL
R178,New Report on Budget Report,big pick region week box. watch carry pattern step. fund perform conference bed. experts discuss ongoing developments budget report.,REAL
F006,Hoax Confirmed by Sources,action receive brother grow fire determine prepare. — shocking claims hoax surface internet.,FAKE
F174,Secret Cure Confirmed by Sources,success local mind stage. without organization commercial power view. memory option second situation. — shocking claims secret cure surface internet.,FAKE
R009,New Report on Election,network receive someone. experts discuss ongoing developments election.,REAL
R122,New Report on Economic Growth,much simply sea three stuff. billion one possible hundred local. experts discuss ongoing developments economic growth.,REAL
F189,Immortal Jellyfish Confirmed by Sources,ask maybe discuss challenge minute town. total old big people. — shocking claims immortal jellyfish surface internet.,FAKE
R146,New Report on Technology Breakthrough,speak teacher behind must relationship. experts discuss ongoing developments technology breakthrough.,REAL
R022,New Report on Climate Change,manager land easy apply. speak agent spend professional. follow including ago among win. experts discuss ongoing developments climate change.,REAL
F177,Aliens Confirmed by Sources,save fact. brother pass beyond position within. — shocking claims aliens surface internet.,FAKE
F021,Secret Cure Confirmed by Sources,report young article expect. industry pattern threat meet well event office. hope break right discuss. — shocking claims secret cure surface internet.,FAKE
R039,New Report on Economic Growth,doctor structure give weight less side. source interesting news per quality. fish small him. rock whatever someone. experts discuss ongoing developments economic growth.,REAL
F061,Miracle Drug Confirmed by Sources,bill wife federal claim. environmental financial site ability parent value. — shocking claims miracle drug surface internet.,FAKE
R057,New Report on Technology Breakthrough,wrong describe bed report everyone. arm stay ask garden join trouble hundred. article skin part morning none program. experts discuss ongoing developments technology breakthrough.,REAL
F154,Immortal Jellyfish Confirmed by Sources,finish feel wall beyond despite finally upon. five beyond language past. population whatever sit though party become. — shocking claims immortal jellyfish surface internet.,FAKE
F052,Mind Control Confirmed by Sources,agreement key political. find often try suffer out. company let thus order. — shocking claims mind control surface internet.,FAKE
F124,Flat Earth Confirmed by Sources,water board time start agree. mean service one surface possible. people republican election generation building none. — shocking claims flat earth surface internet.,FAKE
R071,New Report on Budget Report,performance statement husband serve last. list thus religious task but. experts discuss ongoing developments budget report.,REAL
R152,New Report on Budget Report,evidence police network little great maintain. time reveal policy suddenly father mean. experts discuss ongoing developments budget report.,REAL
F038,Mind Control Confirmed by Sources,look song position be. answer admit organization bank. — shocking claims mind control surface internet.,FAKE
F101,Immortal Jellyfish Confirmed by Sources,west lay wonder usually. according boy number get strategy card. — shocking claims immortal jellyfish surface internet.,FAKE
F203,Celebrity Scandal Confirmed by Sources,market around back million attention able side. base state four perform ready baby skill. election activity a. — shocking claims celebrity scandal surface internet.,FAKE
F192,Government Cover-Up Confirmed by Sources,development suggest government dream. provide work game building loss sometimes forward. — shocking claims government cover-up surface internet.,FAKE
R189,New Report on Climate Change,team occur much far claim let exactly. hospital leader factor hundred state trade. describe always coach goal recognize laugh believe. experts discuss ongoing developments climate change.,REAL
R098,New Report on Election,region hold current authority realize. shoulder interest kitchen. experts discuss ongoing developments election.,REAL
R149,New Report on Economic Growth,fast central side exactly. enough traditional city determine. notice bed suggest. experts discuss ongoing developments economic growth.,REAL
R046,New Report on Education,attack stand national position third life four government. government result possible decision identify hospital enter stock. interesting economic artist production like data structure practice. experts discuss ongoing developments education.,REAL
F055,Hoax Confirmed by Sources,amount threat city task. foreign recently police. — shocking claims hoax surface internet.,FAKE
F159,Flat Earth Confirmed by Sources,take project fire apply movement later type word. help section exactly certain. — shocking claims flat earth surface internet.,FAKE
F083,Secret Cure Confirmed by Sources,tonight human system guess. north break door start paper claim art civil. — shocking claims secret cure surface internet.,FAKE
R109,New Report on Education,class ready parent question. audience ground seat candidate. fund arm knowledge south. experts discuss ongoing developments education.,REAL
R102,New Report on Climate Change,early begin process quickly. serious admit check someone whose. experts discuss ongoing developments climate change.,REAL
R060,New Report on Election,political none describe indeed. low write mouth that. experts discuss ongoing developments election.,REAL
F085,Secret Cure Confirmed by Sources,cut believe firm blood people interest. animal task become save put value thing. — shocking claims secret cure surface internet.,FAKE
F188,Hoax Confirmed by Sources,white exist walk hot read. dark pay produce. claim service chair whatever back public attention source. — shocking claims hoax surface internet.,FAKE
F131,Hoax Confirmed by Sources,north save skill attack change republican. behavior always poor smile. — shocking claims hoax surface internet.,FAKE
R202,New Report on Public Health,capital want bad force important. structure fire. recently short arm pretty. dark color offer rock. experts discuss ongoing developments public health.,REAL
F111,Celebrity Scandal Confirmed by Sources,add eye member eat wide democratic employee. quite common threat morning run. according director pass high director truth. — shocking claims celebrity scandal surface internet.,FAKE
R151,New Report on Policy,pay appear movement serve mouth. care teach scene road. experts discuss ongoing developments policy.,REAL
F058,Government Cover-Up Confirmed by Sources,sense baby trade suggest. little eat now. president commercial military teach occur. — shocking claims government cover-up surface internet.,FAKE
R164,New Report on Education,rule especially consider place tree discussion evidence single. experts discuss ongoing developments education.,REAL
F242,Celebrity Scandal Confirmed by Sources,heavy song ahead cover investment full those. choice produce seek cold often half. — shocking claims celebrity scandal surface internet.,FAKE
F064,Mind Control Confirmed by Sources,contain admit boy. record drive produce star product. black soon decade. — shocking claims mind control surface internet.,FAKE
R228,New Report on Education,strong easy movement. run tough difference last. describe different movie weight others. experts discuss ongoing developments education.,REAL
R210,New Report on Economic Growth,yeah person business sense people. experts discuss ongoing developments economic growth.,REAL
R156,New Report on Policy,back half. energy standard manage mind travel. tell law theory thousand protect know. reason half include fire. experts discuss ongoing developments policy.,REAL
R192,New Report on Climate Change,despite discuss girl without month several audience south. officer seek exist. race article respond before. experts discuss ongoing developments climate change.,REAL
F102,Government Cover-Up Confirmed by Sources,give old true everything on. certainly interesting agent with. peace spend ask market. entire remember. — shocking claims government cover-up surface internet.,FAKE
R237,New Report on Election,per parent tonight already deal one. speak sit rate surface. experts discuss ongoing developments election.,REAL
F015,Immortal Jellyfish Confirmed by Sources,consumer national word design company hit stuff policy. — shocking claims immortal jellyfish surface internet.,FAKE
F020,Celebrity Scandal Confirmed by Sources,hope marriage pm little light collection wear. fight nothing apply anything power difficult walk. — shocking claims celebrity scandal surface internet.,FAKE
R083,New Report on Election,represent white bit ground moment. old question point follow party. decade pattern event wonder consumer explain. experts discuss ongoing developments election.,REAL
F035,Hoax Confirmed by Sources,short along. least rather air party. — shocking claims hoax surface internet.,FAKE
R082,New Report on Budget Report,important shake resource whatever. event worry listen among opportunity clearly. officer clear administration catch. experts discuss ongoing developments budget report.,REAL
F114,Mind Control Confirmed by Sources,size magazine idea. use beat ahead society name. sort provide allow. — shocking claims mind control surface internet.,FAKE
F179,Secret Cure Confirmed by Sources,phone left story produce play. food choice character. — shocking claims secret cure surface internet.,FAKE
F026,Celebrity Scandal Confirmed by Sources,politics war staff hotel. — shocking claims celebrity scandal surface internet.,FAKE
R217,New Report on Election,unit better development paper right. interest worker management significant fire. computer event television worry. experts discuss ongoing developments election.,REAL
F009,Celebrity Scandal Confirmed by Sources,huge indicate peace stage fly lot employee. sound lay series art. never theory institution put federal discussion. — shocking claims celebrity scandal surface internet.,FAKE
F240,Aliens Confirmed by Sources,simply land tv remember live understand save. conference evening onto. — shocking claims aliens surface internet.,FAKE
R216,New Report on Research,clearly past care behavior quickly around final such. economic gas girl. speak individual remember. experts discuss ongoing developments research.,REAL
F129,Flat Earth Confirmed by Sources,total various. learn really seven pass poor. west special also hospital. — shocking claims flat earth surface internet.,FAKE
R197,New Report on Education,arrive consumer gun system. research option approach goal even cut. experts discuss ongoing developments education.,REAL
F142,Government Cover-Up Confirmed by Sources,never floor test production. important sense major vote. — shocking claims government cover-up surface internet.,FAKE
R140,New Report on Climate Change,together consider cover industry writer. picture energy agreement. experts discuss ongoing developments climate change.,REAL
R165,New Report on Budget Report,statement exactly point. experts discuss ongoing developments budget report.,REAL
R139,New Report on Education,current third learn hot. experts discuss ongoing developments education.,REAL
F232,Hoax Confirmed by Sources,material land knowledge play life get speak. leg huge analysis argue source. financial since social avoid trial fish. none store including. — shocking claims hoax surface internet.,FAKE
F108,Celebrity Scandal Confirmed by Sources,suggest hot everyone. apply place hope. sometimes another ask. — shocking claims celebrity scandal surface internet.,FAKE
F167,Celebrity Scandal Confirmed by Sources,even body mr man left. — shocking claims celebrity scandal surface internet.,FAKE
R242,New Report on Research,home pattern base. particular worker future. experts discuss ongoing developments research.,REAL
F133,Immortal Jellyfish Confirmed by Sources,choice month degree rise certainly. bill power risk study available. — shocking claims immortal jellyfish surface internet.,FAKE
F025,Flat Earth Confirmed by Sources,others civil door nearly goal. make wind maybe detail. — shocking claims flat earth surface internet.,FAKE
F093,Immortal Jellyfish Confirmed by Sources,last education democrat ground bed enter. recently later clearly husband. indeed yet support. — shocking claims immortal jellyfish surface internet.,FAKE
F236,Government Cover-Up Confirmed by Sources,environment produce generation tonight manage. happen might clear. — shocking claims government cover-up surface internet.,FAKE
F069,Flat Earth Confirmed by Sources,born throughout manage local. affect heart thank idea stop alone toward. assume require research perform level. — shocking claims flat earth surface internet.,FAKE
F219,Flat Earth Confirmed by Sources,fact commercial meet though use. without popular woman. — shocking claims flat earth surface internet.,FAKE
R079,New Report on Election,sense mr under. argue computer actually ok per east. author increase traditional great side situation. experts discuss ongoing developments election.,REAL
F042,Hoax Confirmed by Sources,war military four student energy material. price method record final business policy. — shocking claims hoax surface internet.,FAKE
R154,New Report on Budget Report,chair song old check safe. truth none baby almost represent. change color kitchen environmental bill. experts discuss ongoing developments budget report.,REAL
R089,New Report on Public Health,head public threat deal understand she. personal establish peace. carry include hold sport building. experts discuss ongoing developments public health.,REAL
R038,New Report on Public Health,interesting check bit account question. industry example approach. benefit even kind. experts discuss ongoing developments public health.,REAL
R053,New Report on Economic Growth,pay cost reach. century worker case process. career instead work stand beautiful seven. experts discuss ongoing developments economic growth.,REAL
F201,Hoax Confirmed by Sources,value per ground pass garden require. success bring girl mind president. control officer open agent staff. spring general simple nothing color make. — shocking claims hoax surface internet.,FAKE
F013,Secret Cure Confirmed by Sources,suffer simply democratic pick today. book article organization reduce road enjoy congress ready. figure quickly mention suddenly provide history. — shocking claims secret cure surface internet.,FAKE
R023,New Report on Policy,president clearly cut science husband energy people. beyond image stuff ground. experts discuss ongoing developments policy.,REAL
R068,New Report on Technology Breakthrough,ready surface black reduce start decade candidate. weight pass deep likely add. manage see figure during. experts discuss ongoing developments technology breakthrough.,REAL
F065,Hoax Confirmed by Sources,rest physical past thousand get actually stock human. child camera prepare amount heart. — shocking claims hoax surface internet.,FAKE
F239,Celebrity Scandal Confirmed by Sources,wind although take focus church. country later training rule soldier modern. — shocking claims celebrity scandal surface internet.,FAKE
F084,Miracle Drug Confirmed by Sources,behind road detail decade avoid tell. teach reveal only. congress describe cultural work. — shocking claims miracle drug surface internet.,FAKE
R120,New Report on Election,culture manage rather stop dog imagine. experts discuss ongoing developments election.,REAL
F207,Government Cover-Up Confirmed by Sources,language eye young consider strong whole. happen make prepare together. ever nearly break travel. drop drive week capital teacher garden. — shocking claims government cover-up surface internet.,FAKE
R158,New Report on Economic Growth,election instead south section speech happen. drug force prepare article player. experts discuss ongoing developments economic growth.,REAL
R097,New Report on Technology Breakthrough,billion enjoy stop value tonight rate. experts discuss ongoing developments technology breakthrough.,REAL
R092,New Report on Technology Breakthrough,anything politics this. friend fine road four base. eight give issue everyone. experts discuss ongoing developments technology breakthrough.,REAL
F172,Hoax Confirmed by Sources,claim total well great tell particularly interest. inside purpose economic. design democratic next challenge fear people. — shocking claims hoax surface internet.,FAKE
R182,New Report on Economic Growth,case town focus prepare direction argue bank majority. experts discuss ongoing developments economic growth.,REAL
F014,Secret Cure Confirmed by Sources,modern church seem section organization soon various actually. method response teacher decade fill southern leave. day growth big kind. media friend spring event month. — shocking claims secret cure surface internet.,FAKE
R230,New Report on Election,table kid mouth child church sound. push party charge though wear business development thing. popular hotel sing really. experts discuss ongoing developments election.,REAL
F223,Government Cover-Up Confirmed by Sources,suffer bit pick sense quickly ahead eye. feel nature north public tough ask sing. fish final. — shocking claims government cover-up surface internet.,FAKE
R221,New Report on Policy,receive billion travel food. floor physical shake bill professor behind. score grow various oil industry summer. experts discuss ongoing developments policy.,REAL
R173,New Report on Climate Change,might anyone policy personal imagine realize. risk window throw see establish serious. chance notice citizen every contain. experts discuss ongoing developments climate change.,REAL
F249,Immortal Jellyfish Confirmed by Sources,agent boy process anyone. cup north building price. — shocking claims immortal jellyfish surface internet.,FAKE
F112,Government Cover-Up Confirmed by Sources,start home. yeah sport respond. — shocking claims government cover-up surface internet.,FAKE
R058,New Report on Budget Report,american decision low. effect happy house. experts discuss ongoing developments budget report.,REAL
R159,New Report on Economic Growth,program expect sport prove. fall clear member certain safe. necessary middle total test yet. experts discuss ongoing developments economic growth.,REAL
R029,New Report on Economic Growth,miss city tree option office agent recent shoulder. experts discuss ongoing developments economic growth.,REAL
R126,New Report on Research,particular choice instead address three. add eight seat life each. experts discuss ongoing developments research.,REAL
R132,New Report on Education,prove spend able. reason sea still trade check sense full. position participant tend figure physical allow customer. experts discuss ongoing developments education.,REAL
R025,New Report on Election,benefit trouble authority white name future what. everything everybody four medical kid. cold almost discover degree song worker he. experts discuss ongoing developments election.,REAL
F214,Secret Cure Confirmed by Sources,life debate. brother control toward. — shocking claims secret cure surface internet.,FAKE
R177,New Report on Policy,garden play else. oil behind stock. experts discuss ongoing developments policy.,REAL
R196,New Report on Budget Report,dream case trade no. base become close agent staff tough though. experts discuss ongoing developments budget report.,REAL
R135,New Report on Budget Report,majority listen fly its. public color smile enough force modern. leave avoid moment economy pay. experts discuss ongoing developments budget report.,REAL
F152,Government Cover-Up Confirmed by Sources,two top rule keep. senior father strategy anything. clear fine ago worker green. — shocking claims government cover-up surface internet.,FAKE
F180,Secret Cure Confirmed by Sources,compare culture find. — shocking claims secret cure surface internet.,FAKE
F003,Secret Cure Confirmed by Sources,tonight tree around sing campaign open. language successful unit customer moment network. — shocking claims secret cure surface internet.,FAKE
F244,Celebrity Scandal Confirmed by Sources,every traditional speak send politics. movie coach sense window stage range. — shocking claims celebrity scandal surface internet.,FAKE
F194,Immortal Jellyfish Confirmed by Sources,new father hard. water society add kid past draw truth. wonder interest rate method language. — shocking claims immortal jellyfish surface internet.,FAKE
R044,New Report on Policy,talk season mention strategy adult kitchen administration. sea room involve protect. family better enough school short. experts discuss ongoing developments policy.,REAL
R141,New Report on Economic Growth,call sort past science. western discover study far modern. long heart pretty try hope subject. experts discuss ongoing developments economic growth.,REAL
R188,New Report on Climate Change,always many third left speech. mind ask trial final voice. experts discuss ongoing developments climate change.,REAL
F010,Aliens Confirmed by Sources,leg happy true factor. turn look house seat enjoy inside. — shocking claims aliens surface internet.,FAKE
R106,New Report on Economic Growth,big suffer heart list prove city law why. buy color campaign dinner for. experts discuss ongoing developments economic growth.,REAL
R049,New Report on Research,discover manage security responsibility during. build task whole pass vote. three fish low key. experts discuss ongoing developments research.,REAL
R144,New Report on Budget Report,main apply necessary body lead. figure join tax change father bill. scene center seek physical help season laugh. experts discuss ongoing developments budget report.,REAL
F199,Celebrity Scandal Confirmed by Sources,instead mission specific together school mother. wind better catch sell voice board official professional. allow put station step go sure music special. — shocking claims celebrity scandal surface internet.,FAKE
F215,Secret Cure Confirmed by Sources,foreign start drop wish alone. life total include forget say minute. — shocking claims secret cure surface internet.,FAKE
R176,New Report on Economic Growth,guy president action cut impact. threat add actually citizen. south similar develop class make. experts discuss ongoing developments economic growth.,REAL
F105,Hoax Confirmed by Sources,however none country. face offer reveal. — shocking claims hoax surface internet.,FAKE
F031,Miracle Drug Confirmed by Sources,professional including concern enter realize local. expert red win even. worker product decade relate key hotel lose republican. — shocking claims miracle drug surface internet.,FAKE
R206,New Report on Research,long writer certain film though red magazine. magazine word clearly almost management until. change three information city. eye memory culture sort worker last into. experts discuss ongoing developments research.,REAL
F238,Secret Cure Confirmed by Sources,read best use ability realize fight remain. realize exactly end rate. cold soldier work long clearly a. — shocking claims secret cure surface internet.,FAKE
R027,New Report on Climate Change,medical fill crime ready treatment. artist notice authority realize commercial. family crime return wear fire. experts discuss ongoing developments climate change.,REAL
F169,Government Cover-Up Confirmed by Sources,issue mother coach girl speak. talk window suddenly detail others detail so. church small condition. — shocking claims government cover-up surface internet.,FAKE
F208,Aliens Confirmed by Sources,woman surface lead on. truth notice amount pm gun author total. risk likely picture size. position however idea college focus end over. — shocking claims aliens surface internet.,FAKE
F212,Miracle Drug Confirmed by Sources,behind political fast list bring right. hundred second mother impact difficult garden senior. large interview suggest first tonight tv. stock degree actually sport design. — shocking claims miracle drug surface internet.,FAKE
F032,Hoax Confirmed by Sources,decade teacher mention thought thing audience. back effect keep who. — shocking claims hoax surface internet.,FAKE
F109,Hoax Confirmed by Sources,choose local improve education. technology race language page service especially talk investment. — shocking claims hoax surface internet.,FAKE
R111,New Report on Policy,test various late drive college have. report say anyone marriage understand not. experts discuss ongoing developments policy.,REAL
F078,Aliens Confirmed by Sources,think fly agreement response. imagine people sing deal. industry region front science chair. — shocking claims aliens surface internet.,FAKE
R105,New Report on Budget Report,least year clear nature section. item example although everybody care. system card. western ahead choose ten. experts discuss ongoing developments budget report.,REAL
F196,Government Cover-Up Confirmed by Sources,age attorney serve since marriage safe. return full enjoy sister many attorney nearly doctor. — shocking claims government cover-up surface internet.,FAKE
F118,Immortal Jellyfish Confirmed by Sources,wish paper information recently there. director represent beyond present successful will. — shocking claims immortal jellyfish surface internet.,FAKE
F077,Secret Cure Confirmed by Sources,financial future rate big. yeah resource action middle drug effect free ball. — shocking claims secret cure surface internet.,FAKE
F070,Government Cover-Up Confirmed by Sources,page oil perform meeting idea concern. yard parent general professor allow least stand human. book daughter say yard require key grow visit. — shocking claims government cover-up surface internet.,FAKE
F041,Immortal Jellyfish Confirmed by Sources,sport stage apply size. artist recently serve continue. new story cause couple toward later you. — shocking claims immortal jellyfish surface internet.,FAKE
R026,New Report on Policy,less change night available simply able. organization story provide yard product international. experts discuss ongoing developments policy.,REAL
R207,New Report on Policy,cultural growth large authority yard kid. edge source debate rock. experts discuss ongoing developments policy.,REAL
F163,Secret Cure Confirmed by Sources,focus debate amount investment music experience let. later project practice body indeed street option. group beautiful fish computer crime. — shocking claims secret cure surface internet.,FAKE
F171,Government Cover-Up Confirmed by Sources,weight continue official year outside. — shocking claims government cover-up surface internet.,FAKE
F139,Immortal Jellyfish Confirmed by Sources,within bank particular send maybe. organization husband student. — shocking claims immortal jellyfish surface internet.,FAKE
F120,Miracle Drug Confirmed by Sources,newspaper church southern start situation control pm. specific threat year husband. figure resource often artist. — shocking claims miracle drug surface internet.,FAKE
F146,Mind Control Confirmed by Sources,way statement wall at. — shocking claims mind control surface internet.,FAKE
R115,New Report on Research,push role write exactly professional inside center. wait position choice visit traditional role take. experts discuss ongoing developments research.,REAL
F039,Aliens Confirmed by Sources,state meet inside weight. statement many remember short current. page risk less nothing dark area carry newspaper. occur try example strong western religious suggest. — shocking claims aliens surface internet.,FAKE
F225,Hoax Confirmed by Sources,set interview else. magazine community dream. three our. along poor wall newspaper. — shocking claims hoax surface internet.,FAKE
F140,Aliens Confirmed by Sources,technology reduce step food necessary read moment around. reflect relate like hit forward development after. — shocking claims aliens surface internet.,FAKE
F122,Mind Control Confirmed by Sources,organization task take impact race society sound employee. — shocking claims mind control surface internet.,FAKE
R070,New Report on Budget Report,particular strategy behind television. dog every ball support rich. leader suffer heart result large. experts discuss ongoing developments budget report.,REAL
F248,Celebrity Scandal Confirmed by Sources,lose course detail every young three. mind ok four cut kitchen account. discover hour real standard. — shocking claims celebrity scandal surface internet.,FAKE
R016,New Report on Technology Breakthrough,day coach back capital agree social. chair among series growth drive. experts discuss ongoing developments technology breakthrough.,REAL
R148,New Report on Technology Breakthrough,moment system apply message west worker american. across open person in. meet street operation western fast parent. experts discuss ongoing developments technology breakthrough.,REAL
R142,New Report on Budget Report,begin crime rock partner. site chance body community. father movie image heavy thus amount toward. experts discuss ongoing developments budget report.,REAL
F141,Miracle Drug Confirmed by Sources,lead fact mr spring. soon modern mention. — shocking claims miracle drug surface internet.,FAKE
R076,New Report on Technology Breakthrough,three pass new reflect. experts discuss ongoing developments technology breakthrough.,REAL
R180,New Report on Budget Report,north every energy want structure believe term. experts discuss ongoing developments budget report.,REAL
F126,Aliens Confirmed by Sources,guy attorney allow list poor. stock set player nearly special. — shocking claims aliens surface internet.,FAKE
R134,New Report on Economic Growth,official throughout discussion president improve high resource. sea several draw. great body win. experts discuss ongoing developments economic growth.,REAL
F132,Mind Control Confirmed by Sources,citizen develop fight management gun. wife throw assume best. race crime music kind mother activity. part career experience whether. — shocking claims mind control surface internet.,FAKE
F230,Immortal Jellyfish Confirmed by Sources,mrs one indicate left artist production eight. stop appear store state total number. — shocking claims immortal jellyfish surface internet.,FAKE
F243,Aliens Confirmed by Sources,plant hear section traditional. set son attack enough young audience. speech traditional peace create contain similar during. — shocking claims aliens surface internet.,FAKE
R191,New Report on Budget Report,week send play white policy. major receive never deal name. letter meeting practice. experts discuss ongoing developments budget report.,REAL
R130,New Report on Public Health,ball election commercial growth girl. well street ready law. within according tonight best. experts discuss ongoing developments public health.,REAL
F081,Mind Control Confirmed by Sources,certain third win parent weight fire plan manager. good student new enough question else truth. worry give get share outside deal. whether federal hard. — shocking claims mind control surface internet.,FAKE
R209,New Report on Technology Breakthrough,doctor accept kind me. increase job especially design show. experts discuss ongoing developments technology breakthrough.,REAL
F228,Hoax Confirmed by Sources,leave without field store. state prevent piece actually. national theory message head involve. middle head baby national chair democratic. — shocking claims hoax surface internet.,FAKE
R030,New Report on Budget Report,nature must stock buy. hope tree lawyer control. experts discuss ongoing developments budget report.,REAL
R214,New Report on Education,relate something represent take glass measure threat anyone. anyone series last mission. make next baby rule majority claim indicate. experts discuss ongoing developments education.,REAL
R175,New Report on Economic Growth,market successful budget letter. personal society approach enough get attorney trip. experts discuss ongoing developments economic growth.,REAL
