id,filtered_words_str,label_index
R129,sign entire paper test fact age. family quality. experts discuss ongoing developments election.,1.0
R227,believe charge free bad maybe class ground why. minute look ground color anything child those. experts discuss ongoing developments climate change.,1.0
F231,begin dog like current space view. great lot summer. — shocking claims aliens surface internet.,0.0
R066,ready claim ahead beat space military now. face pull present help reason soon nation. experts discuss ongoing developments policy.,1.0
F095,phone friend whole involve spring explain seek gas. thank energy girl. trouble particularly. — shocking claims mind control surface internet.,0.0
R174,simply action relationship white heavy stand edge. prepare stuff page range. might member politics baby action matter. experts discuss ongoing developments policy.,1.0
R201,environment agent song lead economic worry more. attention indeed single general central million collection. example probably camera full. experts discuss ongoing developments public health.,1.0
R072,special author price third employee ever. since service participant beyond. travel resource air already again. experts discuss ongoing developments education.,1.0
R064,movie pass teach. small station contain majority city enjoy rate. determine ground different soldier go part anyone. experts discuss ongoing developments research.,1.0
F037,sister anyone necessary center reason list. buy former although hot include senior. — shocking claims miracle drug surface internet.,0.0
R170,quickly bar. bit home college watch state. human grow sing spring share age mother who. experts discuss ongoing developments technology breakthrough.,1.0
F110,treatment general present star. feeling participant wife staff station. — shocking claims celebrity scandal surface internet.,0.0
F048,control event significant certainly human explain. management student trouble. — shocking claims secret cure surface internet.,0.0
F082,area class conference party. across still specific whatever third local. eye probably benefit box threat office. — shocking claims hoax surface internet.,0.0
F187,reason answer everything thus. every film night seat work city. — shocking claims miracle drug surface internet.,0.0
F027,certain say agency. — shocking claims miracle drug surface internet.,0.0
F202,later deep increase bill. — shocking claims hoax surface internet.,0.0
F197,information close black. accept check first keep. — shocking claims secret cure surface internet.,0.0
R128,idea gas fish form movie. place material part white card take reflect. tough billion response. experts discuss ongoing developments climate change.,1.0
F157,rise business test tough between. material report music. — shocking claims government cover-up surface internet.,0.0
F117,air present memory indicate already white american. hold order since. — shocking claims hoax surface internet.,0.0
F173,future religious forget company yet say as. sure three thing far much little. — shocking claims secret cure surface internet.,0.0
F024,behind six consider main manage letter. information people agent. — shocking claims aliens surface internet.,0.0
F096,else political fire soldier blood voice. thank wrong discuss understand artist should. — shocking claims celebrity scandal surface internet.,0.0
R247,necessary become see three major purpose lead. experience government range factor soon. experts discuss ongoing developments public health.,1.0
F226,remember always purpose law. high speech note. — shocking claims government cover-up surface internet.,0.0
F100,five start change ready century. study turn carry fine tax policy television allow. — shocking claims flat earth surface internet.,0.0
F246,accept black resource position. deal parent space american require. — shocking claims government cover-up surface internet.,0.0
F183,idea oil exactly. heart across movement kid. cultural adult spring culture response figure sister. — shocking claims aliens surface internet.,0.0
R063,land interesting large general image sound pm nation. born say even. analysis wonder name range listen enter. experts discuss ongoing developments policy.,1.0
R005,military couple commercial later amount. face student performance growth happy. experts discuss ongoing developments election.,1.0
R084,media act several appear win environmental million. hear owner full report example. amount place fill cover five piece. experts discuss ongoing developments election.,1.0
R124,tax part hard ten. experts discuss ongoing developments education.,1.0
R118,degree individual decide whole guy institution possible. war work value develop tell. believe level ball whatever parent newspaper. institution kitchen staff away. experts discuss ongoing developments research.,1.0
F001,audience candidate high rise reality station. across follow magazine view pretty. happen since husband behavior. — shocking claims aliens surface internet.,0.0
F007,economy capital nice fire team general machine. raise learn assume grow test physical. factor example south play treat. — shocking claims immortal jellyfish surface internet.,0.0
F046,current chair discover his. girl represent similar particular always. — shocking claims mind control surface internet.,0.0
R103,peace sing remain. human ability bring each. experts discuss ongoing developments research.,1.0
R037,position mrs pattern join position set do. indeed oil collection past. experts discuss ongoing developments budget report.,1.0
F193,half floor. edge coach sit theory build. customer behind build together woman. — shocking claims secret cure surface internet.,0.0
R166,fill range special. growth similar state act nice fine say. seek bill involve professor specific last analysis. experts discuss ongoing developments election.,1.0
F017,chance value direction explain. way happen trade bill debate. morning statement general fill manage few. — shocking claims immortal jellyfish surface internet.,0.0
R008,actually care coach you. according prepare detail arm. experts discuss ongoing developments economic growth.,1.0
F071,floor team occur example exist. begin film son effort these. — shocking claims celebrity scandal surface internet.,0.0
F028,war card reveal small spend. image remain article set. — shocking claims mind control surface internet.,0.0
F227,oil traditional know executive accept. — shocking claims immortal jellyfish surface internet.,0.0
R200,kitchen standard billion those. meeting dark like reflect business break. relationship government reality inside political. experts discuss ongoing developments public health.,1.0
R225,avoid list piece inside. season field south several seek experience term. experts discuss ongoing developments climate change.,1.0
R062,name past fish million. year window investment able control. economy development place. experts discuss ongoing developments budget report.,1.0
F033,difference show economy work professional environment. increase newspaper improve pattern leader. laugh vote build. — shocking claims hoax surface internet.,0.0
F012,catch shoulder trade tax. resource dinner will. — shocking claims hoax surface internet.,0.0
R121,receive whose try child any. head. seat economy brother tree statement base relationship process. experts discuss ongoing developments research.,1.0
F210,avoid chance wear travel management. eat society hour alone ever manager. debate leg tough change close many. — shocking claims aliens surface internet.,0.0
F151,form congress day better one religious. director attorney book support. — shocking claims hoax surface internet.,0.0
F099,land baby growth give whose him. ever data fund man politics. — shocking claims secret cure surface internet.,0.0
R090,meet assume require move. major song environmental beat. compare government wife behavior interest continue. experts discuss ongoing developments technology breakthrough.,1.0
R125,prove change attack no. site education. experts discuss ongoing developments budget report.,1.0
R091,measure thousand information. kid difference responsibility them. experts discuss ongoing developments climate change.,1.0
R157,leave local letter hard maintain general. need million camera floor officer total. sort young sense vote. experts discuss ongoing developments climate change.,1.0
F098,one sort small. keep parent everybody. — shocking claims miracle drug surface internet.,0.0
F164,standard person top idea. enjoy reflect word foot professor garden benefit. season might always lose. — shocking claims immortal jellyfish surface internet.,0.0
R050,rich office sister site president. difference couple bar approach. experts discuss ongoing developments economic growth.,1.0
R249,region laugh fight on. onto sing determine avoid respond address many. really agree share skin. experts discuss ongoing developments climate change.,1.0
R093,open story member. population box laugh back. shake continue lawyer church coach town way. miss range attack. experts discuss ongoing developments election.,1.0
R131,soon computer teacher wrong. matter cost across. experts discuss ongoing developments education.,1.0
F107,charge rule place information movement so. bill card design. community measure guy eight among appear series. — shocking claims flat earth surface internet.,0.0
F153,piece beautiful lay special make. sing explain blood agreement suffer food. — shocking claims hoax surface internet.,0.0
F091,two arrive. expect wonder information sign front fight early. attack thing station tough government. — shocking claims flat earth surface internet.,0.0
R246,office particularly find painting. remember thus lead. experts discuss ongoing developments economic growth.,1.0
F004,offer pick form task office positive herself. — shocking claims secret cure surface internet.,0.0
F220,social degree pay read measure newspaper. put brother power. thing young difficult military. page almost create i. — shocking claims celebrity scandal surface internet.,0.0
F121,recognize rich drop day play floor. executive floor treat deal shoulder. — shocking claims hoax surface internet.,0.0
F245,political area never finish guy. budget lawyer suggest inside. — shocking claims mind control surface internet.,0.0
R035,especially take buy book. identify fall compare effort top consider. experts discuss ongoing developments climate change.,1.0
R024,whole source case. manage thing. experts discuss ongoing developments education.,1.0
F079,old list environment stock try box. media party season share. — shocking claims miracle drug surface internet.,0.0
R094,house others lawyer keep say. safe let short dark significant let. experts discuss ongoing developments policy.,1.0
R040,knowledge catch fly everyone produce. area across create impact one. experts discuss ongoing developments policy.,1.0
F170,whether call sense business wife treat similar. sound decision practice wrong simply college. wide population finally matter tax listen wide. college couple. — shocking claims immortal jellyfish surface internet.,0.0
F130,night deal thing yeah. measure music place race. — shocking claims immortal jellyfish surface internet.,0.0
R085,impact community energy old recently deal. experts discuss ongoing developments economic growth.,1.0
R054,join collection including establish. office data human child forget book. fund media likely rock. experts discuss ongoing developments budget report.,1.0
R047,establish rich despite success none. democratic concern analysis wind theory evidence. city identify scene information enough. experts discuss ongoing developments technology breakthrough.,1.0
R199,example step space kid bed. character agree happen among without individual meet. experts discuss ongoing developments economic growth.,1.0
F062,report however song across glass provide life. factor sing material sit particularly. rise fly account exist local. — shocking claims miracle drug surface internet.,0.0
R244,add consumer western try build able. number meet surface part. two beautiful none with. experts discuss ongoing developments technology breakthrough.,1.0
R107,somebody hotel meet however bar type. spring course election message meet kid attack. authority mean hit buy unit cultural. plant finish side exist design quite. experts discuss ongoing developments election.,1.0
F148,southern health turn least prove board great. outside professional poor later safe live. — shocking claims aliens surface internet.,0.0
F023,hot expert simply however. — shocking claims mind control surface internet.,0.0
R075,couple stay international visit. win rate prepare water within manage science. security rise level democrat. lose around institution age audience yeah. experts discuss ongoing developments budget report.,1.0
R220,tough crime value newspaper. ball store. must pull issue police hotel sort assume response. budget agree finally purpose tend. experts discuss ongoing developments public health.,1.0
R099,western population store particularly line. tree culture music air. matter every political least nice final time condition. experts discuss ongoing developments economic growth.,1.0
F066,turn drug network his. push office result drive explain. — shocking claims flat earth surface internet.,0.0
F060,involve wind practice as. last check task language exactly mean. — shocking claims flat earth surface internet.,0.0
F022,perhaps site off. talk thought music chair son investment administration. stock near wish treat teacher discuss value need. — shocking claims government cover-up surface internet.,0.0
F127,support partner unit recently ahead center minute. group away right. woman difference identify across. — shocking claims mind control surface internet.,0.0
R212,business imagine across candidate window. final federal door wife level contain whatever. experts discuss ongoing developments education.,1.0
F119,suggest performance nation similar number. wish middle sign major appear. agency feeling mother indeed current change. suggest music treat finish. — shocking claims mind control surface internet.,0.0
F103,see member. develop full trouble toward baby. section performance pressure decide daughter. — shocking claims hoax surface internet.,0.0
F191,country account fish cultural trade. western figure perform address. — shocking claims mind control surface internet.,0.0
F002,reason read box car outside nothing. — shocking claims mind control surface internet.,0.0
R155,spring believe call guess single for. feel oil expect minute. case knowledge hit cup forget. goal modern six close cup energy. experts discuss ongoing developments election.,1.0
R006,resource design serve everyone believe. guy top data. company chance appear suddenly across approach number author. experts discuss ongoing developments technology breakthrough.,1.0
F086,nature station inside city speak child. power last pass sing offer. suddenly treat fund since american long employee interview. young less option yet mission. — shocking claims government cover-up surface internet.,0.0
R168,cover area individual it. pick his. experts discuss ongoing developments election.,1.0
R077,future list church debate they. consumer majority pressure true across create create. however glass mr box position management major. experts discuss ongoing developments public health.,1.0
F209,low spring modern. well employee argue remain conference how. — shocking claims hoax surface internet.,0.0
R236,head town administration research peace one economy. trade become loss production whom. turn fear family. experts discuss ongoing developments public health.,1.0
F186,true account girl company likely. big discuss arrive prove next program. resource world clearly evidence avoid total. — shocking claims aliens surface internet.,0.0
R243,apply investment leave white author. born play paper past water parent. experts discuss ongoing developments public health.,1.0
F094,ability kind data new able. hand real skin produce stay look structure. wait live wrong say alone. — shocking claims immortal jellyfish surface internet.,0.0
R032,type treat hospital respond program throughout thing. experts discuss ongoing developments economic growth.,1.0
R033,owner pretty movement though. yard ever collection throughout account product economic. provide travel role. open pretty note lead result newspaper. experts discuss ongoing developments education.,1.0
R045,husband return glass. religious design opportunity. without serve fly food enjoy hair. experts discuss ongoing developments technology breakthrough.,1.0
R116,long enter rather feeling although. always arm board clearly state company way. provide five discussion away bit. experts discuss ongoing developments education.,1.0
F056,alone dream husband quality tough crime. final ago federal and. — shocking claims celebrity scandal surface internet.,0.0
R043,guy development key magazine hot. within third. player system across put chair wall. around adult white step soldier. experts discuss ongoing developments policy.,1.0
R145,two officer society goal. event particularly year computer western house. street image especially concern. experts discuss ongoing developments economic growth.,1.0
F200,involve wide push. better detail finish entire participant back different. response police family. — shocking claims secret cure surface internet.,0.0
F034,provide two century surface. people past pull establish. weight base mother interesting. level believe step ever bank. — shocking claims celebrity scandal surface internet.,0.0
F149,clear opportunity little leader air. lead rise better leave address receive. — shocking claims secret cure surface internet.,0.0
F051,reduce end seat focus. suffer particular car decade hold hand. mother real investment. — shocking claims secret cure surface internet.,0.0
F089,collection call probably hold total. space avoid study before. recent option address probably present worker. — shocking claims flat earth surface internet.,0.0
F135,attention agreement daughter page. — shocking claims flat earth surface internet.,0.0
F088,coach able ahead media simple. child process store congress area focus. — shocking claims government cover-up surface internet.,0.0
R010,spend. mean song deal personal local. experts discuss ongoing developments election.,1.0
R211,president finish big author result. appear series since number quite. pretty play operation account structure account receive. experts discuss ongoing developments policy.,1.0
F204,southern owner race show attorney different often. piece find hospital third. — shocking claims miracle drug surface internet.,0.0
F168,school score all. kitchen food drive prevent apply ground hospital. see rock field animal. — shocking claims miracle drug surface internet.,0.0
R011,marriage hour property list son. majority smile. experts discuss ongoing developments public health.,1.0
R232,cold perform alone first. experts discuss ongoing developments climate change.,1.0
R042,want answer sometimes. heart heavy recently bring. experts discuss ongoing developments public health.,1.0
F182,condition war win use green write. stage discover agree family air. pressure cell best. — shocking claims hoax surface internet.,0.0
F036,make evening worry popular. economic attention dog town senior mouth listen. — shocking claims miracle drug surface internet.,0.0
F068,center become avoid education central see effort fish. minute south boy general box generation. — shocking claims secret cure surface internet.,0.0
R015,throughout choice agreement serious space member. movie green phone catch cell six. experts discuss ongoing developments election.,1.0
R147,property direction significant doctor site present daughter. process huge. significant poor land prepare. experts discuss ongoing developments climate change.,1.0
F198,even form resource. fill near remember source record. congress five director usually. — shocking claims government cover-up surface internet.,0.0
R081,away soon staff. mind let consider nature. experts discuss ongoing developments climate change.,1.0
F050,leader fish notice rise. next example truth so. blue fall risk report player. — shocking claims aliens surface internet.,0.0
F162,open discussion central car. sometimes party sport debate really exist. — shocking claims celebrity scandal surface internet.,0.0
R028,also even claim ability. attack manager use sister remain. test remain teacher card. recently trip fear civil laugh. experts discuss ongoing developments technology breakthrough.,1.0
R195,behind actually according trade among. need spring standard mrs pass structure ball. experts discuss ongoing developments budget report.,1.0
F116,manager nice talk must artist compare design. inside building dark parent. late seat stuff chance week hard. — shocking claims aliens surface internet.,0.0
R018,give floor number large avoid man. relate power class speak. bag buy paper woman administration. experts discuss ongoing developments research.,1.0
F073,majority kind chair attorney present step. agency couple table describe. step sea make attack. article body toward. — shocking claims immortal jellyfish surface internet.,0.0
F059,study although data son nature difference organization. central college. — shocking claims miracle drug surface internet.,0.0
R078,mission business future measure onto fact change effort. beautiful food visit. father reach risk two. experts discuss ongoing developments budget report.,1.0
F216,note fast dog fine. much treatment receive. — shocking claims secret cure surface internet.,0.0
F206,provide spring one. find half benefit pull last likely task. — shocking claims celebrity scandal surface internet.,0.0
R036,key group better already forget of. newspaper newspaper owner bed democrat how. experts discuss ongoing developments research.,1.0
F104,bring tv data painting. — shocking claims aliens surface internet.,0.0
F000,author see drop. — shocking claims hoax surface internet.,0.0
R136,institution suggest like sense protect tell. wish others fight carry entire election miss pattern. experts discuss ongoing developments education.,1.0
F019,hotel bag note. likely outside brother way. — shocking claims immortal jellyfish surface internet.,0.0
R012,long oil store old summer high cold service. develop success teach must meet adult. experts discuss ongoing developments technology breakthrough.,1.0
R052,agreement notice soldier society. pressure hit station kid fear. experts discuss ongoing developments education.,1.0
R123,firm yes town compare. table treatment usually professional personal. crime development soldier foreign market man. experts discuss ongoing developments climate change.,1.0
F040,change able media performance network conference. skill sense laugh contain land. — shocking claims government cover-up surface internet.,0.0
R160,maintain current indicate foreign return. yes defense art as. hotel free movement fast. politics measure quality. experts discuss ongoing developments climate change.,1.0
F067,push lose develop something song senior market. unit president someone. staff walk material expert meet song account. — shocking claims immortal jellyfish surface internet.,0.0
R069,body national daughter imagine money level. direction trade wait he. experts discuss ongoing developments research.,1.0
F160,old author financial receive nearly tough green. kid go way. produce structure general available stock collection. — shocking claims mind control surface internet.,0.0
F053,trouble notice future perform among. upon weight drop. — shocking claims hoax surface internet.,0.0
R074,magazine pay hospital. local decade appear instead wait able tell. experts discuss ongoing developments education.,1.0
R007,become however simply study fall current. middle reveal visit none speech per. experts discuss ongoing developments election.,1.0
R119,appear choice occur color detail billion learn. recently agreement experience speech admit wall. experts discuss ongoing developments climate change.,1.0
R087,relate decade hand on. member us act deal. night something foreign. experts discuss ongoing developments budget report.,1.0
F145,middle without build great cut we. old center conference two expect. actually activity special capital coach college. commercial wear morning bed expect manager. — shocking claims miracle drug surface internet.,0.0
R065,safe local second admit detail. tend really site drop general forget travel. vote beat recently today. experts discuss ongoing developments budget report.,1.0
R208,heart ball soldier live civil president practice. two us reach senior style hot. experts discuss ongoing developments budget report.,1.0
R048,set central return hundred behind police simply. plan hard seem center six experience ready. east deep policy. experts discuss ongoing developments budget report.,1.0
F076,price news wish writer debate industry former standard. job industry cultural need coach. — shocking claims aliens surface internet.,0.0
R019,cut president table air. rich us board movie ready. experts discuss ongoing developments policy.,1.0
F115,brother debate make position value floor. kind language room tell result. — shocking claims immortal jellyfish surface internet.,0.0
R031,trouble example action staff. rest however trial. language join pretty. industry place course hour baby. experts discuss ongoing developments education.,1.0
R190,language blue health sure service. lot couple enough despite financial trial car. together indicate seat experience pretty. experts discuss ongoing developments research.,1.0
F057,pass plan rate place to. leg food south. child common shoulder happen truth significant. — shocking claims mind control surface internet.,0.0
F158,hard key talk evening wife life. — shocking claims immortal jellyfish surface internet.,0.0
F234,direction cup power. together well paper test everyone serious. — shocking claims flat earth surface internet.,0.0
F155,second design environmental appear ready light home explain. responsibility position price. number reach different exist student. — shocking claims flat earth surface internet.,0.0
F106,actually success listen job discussion opportunity town. join show forget drug. travel turn one business across. quality feel write. — shocking claims flat earth surface internet.,0.0
R051,ok stage machine call instead customer. reveal training ready professional culture. five chair take respond become. money style risk middle carry analysis store. experts discuss ongoing developments policy.,1.0
R203,look ahead evidence likely. history difference worry design player arrive tend student. least level remember positive modern money. experts discuss ongoing developments education.,1.0
F063,establish effect radio office seat exactly. economic race government particular difference successful because. glass daughter dog deep seven kind writer position. — shocking claims secret cure surface internet.,0.0
R080,beat nation sometimes police. good kitchen task positive successful wish offer. name take. experts discuss ongoing developments policy.,1.0
R226,effect movie purpose. choose trip ask. within candidate similar yes best. experts discuss ongoing developments public health.,1.0
F144,fact power scientist suffer future. bag executive name. — shocking claims hoax surface internet.,0.0
F241,organization affect state husband later let among. west relationship boy tax. material article become crime. — shocking claims flat earth surface internet.,0.0
R150,bring second education. space role want shake manage. experts discuss ongoing developments election.,1.0
R153,attention finish future approach skill. continue born. free production theory hotel. experts discuss ongoing developments research.,1.0
F175,single manage require pick modern west high goal. fire probably house poor executive particularly scene. mrs manager hot. — shocking claims hoax surface internet.,0.0
F161,soon see recent prevent decade. nice leg rest maintain. recognize debate professor radio. — shocking claims immortal jellyfish surface internet.,0.0
F147,culture character lawyer senior. drive hit south tell unit drive around. — shocking claims secret cure surface internet.,0.0
F018,bank able member result street air list whether. teacher away huge. even consider about. maintain modern interview believe anything. — shocking claims secret cure surface internet.,0.0
F211,allow western himself. exactly even television pick listen up. — shocking claims celebrity scandal surface internet.,0.0
R117,local manager music now. find finish visit position interview style hair. experts discuss ongoing developments research.,1.0
F016,drop plan say measure for. big seek talk economic new. night fire us quality resource. — shocking claims aliens surface internet.,0.0
F029,later news exist game agree situation mother. send could. — shocking claims flat earth surface internet.,0.0
F205,grow participant agreement bar. phone home ball likely policy. — shocking claims celebrity scandal surface internet.,0.0
R112,physical water color close line step. experts discuss ongoing developments economic growth.,1.0
F218,early war road person end color. law american back smile necessary. religious seek cover. tonight adult turn difficult. — shocking claims government cover-up surface internet.,0.0
R187,single assume agree need forward. teacher suddenly heart cause recent. experts discuss ongoing developments education.,1.0
F087,goal arm may contain return which. senior manager involve center. sister evening pay education scene mind. — shocking claims celebrity scandal surface internet.,0.0
R171,free southern different skin particularly indeed station. meeting toward wall collection everything yourself. final kid relate. society carry thus line image oil. experts discuss ongoing developments education.,1.0
R113,right bank order message policy hundred audience next. although expect identify executive. experts discuss ongoing developments technology breakthrough.,1.0
R222,part listen pay. sense bed report owner long inside tree nation. age near note ready. experts discuss ongoing developments public health.,1.0
F233,bill north player hot bar north. appear question low. write speak culture significant plant. — shocking claims secret cure surface internet.,0.0
R223,class despite suggest. ability item later. experts discuss ongoing developments climate change.,1.0
F224,ever democratic experience order party operation culture. others number remain themselves. — shocking claims secret cure surface internet.,0.0
R181,evidence similar affect board ahead find. experts discuss ongoing developments climate change.,1.0
R056,ask blood law them. experts discuss ongoing developments public health.,1.0
R110,option already under. individual tough hundred. program usually head instead window right shoulder. experts discuss ongoing developments education.,1.0
R219,speak think success produce stock town. maintain war others often. center health open hundred. experts discuss ongoing developments education.,1.0
R224,well thank magazine. interview billion store will. old ago prove suddenly party management able. experts discuss ongoing developments education.,1.0
F178,stay wall worry possible enough. key market style. — shocking claims immortal jellyfish surface internet.,0.0
F074,arm event song join. green despite argue want smile nation movie. — shocking claims secret cure surface internet.,0.0
R034,black throw final also write. structure view political understand across call. experts discuss ongoing developments budget report.,1.0
R095,term decision heart prove probably like receive. experts discuss ongoing developments policy.,1.0
F011,idea defense do. hard gun science pm strategy. plan much practice. — shocking claims aliens surface internet.,0.0
R162,wind day eye pull rich. wife particularly arrive recognize firm adult. experts discuss ongoing developments policy.,1.0
R218,data kind fund indicate store base. small research chance amount trouble whether. also change record benefit. experts discuss ongoing developments election.,1.0
F136,authority summer nearly history through. responsibility office summer leg. energy road single owner close budget debate. — shocking claims miracle drug surface internet.,0.0
R108,mother stay need number. nation wrong machine drug. ok loss today yeah skill experience usually. experts discuss ongoing developments economic growth.,1.0
R186,mission direction specific administration college tonight everything. meeting second different right center special least environment. since child dog list attorney treatment. experts discuss ongoing developments research.,1.0
R248,dream mean city lose six tax upon everyone. set able teach dog serious. drug wonder money reality work rather could. experts discuss ongoing developments technology breakthrough.,1.0
F045,garden late price issue eye source professor mrs. sit friend research art discussion single. — shocking claims immortal jellyfish surface internet.,0.0
F092,energy power nature buy. — shocking claims secret cure surface internet.,0.0
R100,focus goal away senior measure buy. nice reality guess. edge generation course possible value build. experts discuss ongoing developments technology breakthrough.,1.0
F075,character campaign chair society. better art measure defense. — shocking claims miracle drug surface internet.,0.0
R059,player perform light sort focus minute. experts discuss ongoing developments technology breakthrough.,1.0
F213,wide discuss nothing public. season win investment bar easy. message likely card accept soldier must care. protect bit town commercial power article surface. — shocking claims hoax surface internet.,0.0
R233,around word clearly player network. medical degree red certainly early. experts discuss ongoing developments education.,1.0
F072,know development middle wait style none. theory issue special generation concern. — shocking claims mind control surface internet.,0.0
R184,exactly rule commercial pass. rule involve interest marriage idea perhaps. price provide half experience far trade. experts discuss ongoing developments budget report.,1.0
F134,various player month. brother billion guess protect learn mouth. — shocking claims secret cure surface internet.,0.0
R096,anyone month foot. open first career return tell. experts discuss ongoing developments research.,1.0
R020,eye detail provide artist. try bring security. experts discuss ongoing developments policy.,1.0
R067,son environment order eat. guy service feeling position follow official list company. third century media. experts discuss ongoing developments policy.,1.0
R215,suddenly television character away director. surface compare picture prepare movement. start road anything american stock however president. experts discuss ongoing developments education.,1.0
R127,far stay process compare federal. probably month human fill idea technology. church indeed middle long. experts discuss ongoing developments policy.,1.0
R235,black especially management story less security. serve eye eight population eye. rise bar charge. single red describe professor candidate other. experts discuss ongoing developments technology breakthrough.,1.0
R163,offer account party past. bed idea keep forget better just. order sound figure perhaps nature here. experts discuss ongoing developments climate change.,1.0
R002,find hope treat fly east. reveal occur suddenly seem wide open drive step. experts discuss ongoing developments education.,1.0
R021,draw nothing see general east behind peace. power hard head bed page security source general. experts discuss ongoing developments education.,1.0
R013,party light support suffer. community get reality. experts discuss ongoing developments technology breakthrough.,1.0
F195,bit show sing beautiful open. street administration behavior baby control seven consumer. — shocking claims flat earth surface internet.,0.0
R101,stock past pressure structure blood establish something. many store key second important action. force development prepare call. experts discuss ongoing developments research.,1.0
R055,political baby capital add. effect seven describe pressure range watch rest affect. resource foot simply alone. experts discuss ongoing developments research.,1.0
F190,size attorney. fund different wish material sense about. card room single. — shocking claims secret cure surface internet.,0.0
R004,benefit difficult police month add blue pretty newspaper. game next property culture treat. experts discuss ongoing developments education.,1.0
F080,carry month beyond. shoulder plant west coach possible feeling unit. wall place want. — shocking claims celebrity scandal surface internet.,0.0
F049,heavy i. — shocking claims hoax surface internet.,0.0
F184,success reason everybody certain reason space. almost allow moment value situation human. ball little save necessary away alone. — shocking claims secret cure surface internet.,0.0
F030,popular exactly finish interview dinner hard. lot father either role. born short job other. — shocking claims secret cure surface internet.,0.0
R213,hold computer foreign. structure exactly actually right group. red federal determine technology author defense. experts discuss ongoing developments budget report.,1.0
F128,several speak good present growth course without. letter newspaper congress there. — shocking claims immortal jellyfish surface internet.,0.0
R231,foreign always must dream might. institution yeah else visit. experts discuss ongoing developments policy.,1.0
R061,anything physical call. experts discuss ongoing developments technology breakthrough.,1.0
R137,organization maintain sound value car pick share serve. member development enough easy. experts discuss ongoing developments education.,1.0
R185,represent religious decide. black see nice white. son figure focus sea support. experts discuss ongoing developments technology breakthrough.,1.0
R204,get prepare report town. score day buy amount. fight court election. experts discuss ongoing developments technology breakthrough.,1.0
F217,chance wait civil teach participant building. activity know brother issue term. suffer admit series interest thank field box. — shocking claims immortal jellyfish surface internet.,0.0
F176,measure indicate exactly build fire. similar light general east magazine quickly. product teacher sell coach game. customer thing social social. — shocking claims miracle drug surface internet.,0.0
R245,network young sure. town move recent attention enjoy. experts discuss ongoing developments technology breakthrough.,1.0
R104,life particular democratic quickly begin entire think. experts discuss ongoing developments election.,1.0
F156,range blue positive medical course sister couple not. hotel treat technology skin. — shocking claims flat earth surface internet.,0.0
R194,thing politics buy include. represent matter else level company. develop maybe drive else someone. experts discuss ongoing developments election.,1.0
R161,record lay say medical money deep trip. budget woman collection. experts discuss ongoing developments technology breakthrough.,1.0
F113,station floor benefit member draw. market force along. understand home section. — shocking claims immortal jellyfish surface internet.,0.0
F150,build interesting set take huge energy network. party director structure lose account congress alone themselves. general reflect management material anything wait. — shocking claims hoax surface internet.,0.0
F047,activity professional get long. experience green high bag history pattern. — shocking claims miracle drug surface internet.,0.0
F008,commercial current least news consumer. federal believe might week those. around product scientist employee kind peace. — shocking claims hoax surface internet.,0.0
F229,age culture although out. much pull second play when. — shocking claims aliens surface internet.,0.0
R001,key light five move and. street sing return carry tough majority. ground maintain size reduce. experts discuss ongoing developments research.,1.0
R241,use guy try. order want suggest week perform. experts discuss ongoing developments public health.,1.0
R198,gas move entire nice. bill dream hope product. experts discuss ongoing developments climate change.,1.0
R229,kid race strong many enjoy cause reveal. question law position score until. support run. experts discuss ongoing developments research.,1.0
R205,player become piece impact. affect mrs trade. star western able. serve available past car prepare. experts discuss ongoing developments public health.,1.0
F123,difficult future project cost. beyond structure vote city. training evidence available huge book example everybody. approach money player. — shocking claims celebrity scandal surface internet.,0.0
F043,education require cause sure floor suggest break trip. rock information operation still. — shocking claims celebrity scandal surface internet.,0.0
F097,agent recognize floor paper. high wish example per increase change. — shocking claims celebrity scandal surface internet.,0.0
R014,vote pm able member cut. candidate try election. travel story majority suddenly. experts discuss ongoing developments research.,1.0
F005,left fact free set news. push right evening may. recognize artist large. — shocking claims flat earth surface internet.,0.0
R234,compare religious purpose set task cup. financial read area practice animal really. lay society number air. experts discuss ongoing developments research.,1.0
F143,become understand growth role city. consider skin story control. — shocking claims aliens surface internet.,0.0
R073,market represent ready bank. today system history personal media. experts discuss ongoing developments economic growth.,1.0
R239,adult admit though father him. since commercial evening month standard. large trouble exist international high bring never participant. experts discuss ongoing developments education.,1.0
F181,ago write hope information quality statement. improve begin always recognize. — shocking claims aliens surface internet.,0.0
R138,father protect lot condition forward response american. travel move join hard nation budget beyond after. experts discuss ongoing developments election.,1.0
R172,animal machine senior team get follow center activity. third us choice. standard study environmental challenge deal success win. experts discuss ongoing developments economic growth.,1.0
R143,discussion early air water international upon. action conference buy history receive large. experts discuss ongoing developments policy.,1.0
F166,billion matter mouth reduce capital sound. view try tonight start together grow finish. money hard beautiful open home establish. — shocking claims mind control surface internet.,0.0
R003,matter way data question sure radio approach. reality evidence stock order treatment begin. experts discuss ongoing developments budget report.,1.0
R167,type finally television top support. social official building. experts discuss ongoing developments climate change.,1.0
R183,page floor help recent sister my. maybe material together good continue. us hit cause meet. experts discuss ongoing developments climate change.,1.0
R238,center government message sport. different artist professional seat. experts discuss ongoing developments technology breakthrough.,1.0
R041,discuss poor imagine turn from. understand speak fill along set. military prepare role area around. experts discuss ongoing developments election.,1.0
F237,product tree generation surface arrive. tend line probably know down. — shocking claims government cover-up surface internet.,0.0
R086,bit resource matter himself. agent according course discover former. go management player sport religious major gun. experts discuss ongoing developments research.,1.0
R240,probably use start partner. behind others fly majority group defense success buy. figure read senior true dream gun stuff language. reach course entire. experts discuss ongoing developments policy.,1.0
R133,former high former already. lawyer rather focus six. rule fall training treat past. strategy nearly picture action still final. experts discuss ongoing developments public health.,1.0
F044,increase much imagine line onto someone travel industry. chair quickly clearly. ability agent job walk operation traditional. computer evening risk social professional source learn support. — shocking claims hoax surface internet.,0.0
F125,party technology offer city team voice suffer same. soldier team billion environment authority six. resource lead environment fund street. — shocking claims government cover-up surface internet.,0.0
F165,either southern site. practice reality eight assume hope. — shocking claims secret cure surface internet.,0.0
F137,power entire report response loss lawyer government. money technology region capital choice early. plan high people action. — shocking claims flat earth surface internet.,0.0
R088,heavy environmental anything. face south although. future operation. experts discuss ongoing developments research.,1.0
R169,time positive develop world. believe site water foot throw. always successful eight new daughter water within. experts discuss ongoing developments technology breakthrough.,1.0
R193,another plan nice catch such. major according care religious song drug. experts discuss ongoing developments technology breakthrough.,1.0
F247,discuss argue media drive prevent water sing. window after. — shocking claims mind control surface internet.,0.0
R179,explain back beyond before. need know west everything news news sister. garden reduce city lawyer live bring. according although six health toward. experts discuss ongoing developments technology breakthrough.,1.0
F138,fear guess natural mind able old accept. american morning current land almost. defense question suggest guess. — shocking claims immortal jellyfish surface internet.,0.0
R017,style culture plan painting yes believe early. movie pass culture book any. color officer expect follow daughter. experts discuss ongoing developments policy.,1.0
F090,purpose become return organization letter. business right international live really. — shocking claims mind control surface internet.,0.0
F222,fund know great area. claim admit anything military career. — shocking claims mind control surface internet.,0.0
R114,vote firm ahead determine mr check. message deal return staff floor catch court. recognize particular occur past mind lay voice. experts discuss ongoing developments climate change.,1.0
F235,well yes large risk truth race pm. — shocking claims celebrity scandal surface internet.,0.0
F185,upon economic common memory minute. officer share skin general. go big traditional city player poor. — shocking claims hoax surface internet.,0.0
F221,day fast east discussion business class. smile community travel town read could. — shocking claims flat earth surface internet.,0.0
F054,thought want customer tough interesting beat thought. war north feeling six reach style. — shocking claims secret cure surface internet.,0.0
R000,treat dinner enter including describe modern great. easy partner either miss. man role garden. experts discuss ongoing developments public health.,1.0
R178,big pick region week box. watch carry pattern step. fund perform conference bed. experts discuss ongoing developments budget report.,1.0
F006,action receive brother grow fire determine prepare. — shocking claims hoax surface internet.,0.0
F174,success local mind stage. without organization commercial power view. memory option second situation. — shocking claims secret cure surface internet.,0.0
R009,network receive someone. experts discuss ongoing developments election.,1.0
R122,much simply sea three stuff. billion one possible hundred local. experts discuss ongoing developments economic growth.,1.0
F189,ask maybe discuss challenge minute town. total old big people. — shocking claims immortal jellyfish surface internet.,0.0
R146,speak teacher behind must relationship. experts discuss ongoing developments technology breakthrough.,1.0
R022,manager land easy apply. speak agent spend professional. follow including ago among win. experts discuss ongoing developments climate change.,1.0
F177,save fact. brother pass beyond position within. — shocking claims aliens surface internet.,0.0
F021,report young article expect. industry pattern threat meet well event office. hope break right discuss. — shocking claims secret cure surface internet.,0.0
R039,doctor structure give weight less side. source interesting news per quality. fish small him. rock whatever someone. experts discuss ongoing developments economic growth.,1.0
F061,bill wife federal claim. environmental financial site ability parent value. — shocking claims miracle drug surface internet.,0.0
R057,wrong describe bed report everyone. arm stay ask garden join trouble hundred. article skin part morning none program. experts discuss ongoing developments technology breakthrough.,1.0
F154,finish feel wall beyond despite finally upon. five beyond language past. population whatever sit though party become. — shocking claims immortal jellyfish surface internet.,0.0
F052,agreement key political. find often try suffer out. company let thus order. — shocking claims mind control surface internet.,0.0
F124,water board time start agree. mean service one surface possible. people republican election generation building none. — shocking claims flat earth surface internet.,0.0
R071,performance statement husband serve last. list thus religious task but. experts discuss ongoing developments budget report.,1.0
R152,evidence police network little great maintain. time reveal policy suddenly father mean. experts discuss ongoing developments budget report.,1.0
F038,look song position be. answer admit organization bank. — shocking claims mind control surface internet.,0.0
F101,west lay wonder usually. according boy number get strategy card. — shocking claims immortal jellyfish surface internet.,0.0
F203,market around back million attention able side. base state four perform ready baby skill. election activity a. — shocking claims celebrity scandal surface internet.,0.0
F192,development suggest government dream. provide work game building loss sometimes forward. — shocking claims government cover-up surface internet.,0.0
R189,team occur much far claim let exactly. hospital leader factor hundred state trade. describe always coach goal recognize laugh believe. experts discuss ongoing developments climate change.,1.0
R098,region hold current authority realize. shoulder interest kitchen. experts discuss ongoing developments election.,1.0
R149,fast central side exactly. enough traditional city determine. notice bed suggest. experts discuss ongoing developments economic growth.,1.0
R046,attack stand national position third life four government. government result possible decision identify hospital enter stock. interesting economic artist production like data structure practice. experts discuss ongoing developments education.,1.0
F055,amount threat city task. foreign recently police. — shocking claims hoax surface internet.,0.0
F159,take project fire apply movement later type word. help section exactly certain. — shocking claims flat earth surface internet.,0.0
F083,tonight human system guess. north break door start paper claim art civil. — shocking claims secret cure surface internet.,0.0
R109,class ready parent question. audience ground seat candidate. fund arm knowledge south. experts discuss ongoing developments education.,1.0
R102,early begin process quickly. serious admit check someone whose. experts discuss ongoing developments climate change.,1.0
R060,political none describe indeed. low write mouth that. experts discuss ongoing developments election.,1.0
F085,cut believe firm blood people interest. animal task become save put value thing. — shocking claims secret cure surface internet.,0.0
F188,white exist walk hot read. dark pay produce. claim service chair whatever back public attention source. — shocking claims hoax surface internet.,0.0
F131,north save skill attack change republican. behavior always poor smile. — shocking claims hoax surface internet.,0.0
R202,capital want bad force important. structure fire. recently short arm pretty. dark color offer rock. experts discuss ongoing developments public health.,1.0
F111,add eye member eat wide democratic employee. quite common threat morning run. according director pass high director truth. — shocking claims celebrity scandal surface internet.,0.0
R151,pay appear movement serve mouth. care teach scene road. experts discuss ongoing developments policy.,1.0
F058,sense baby trade suggest. little eat now. president commercial military teach occur. — shocking claims government cover-up surface internet.,0.0
R164,rule especially consider place tree discussion evidence single. experts discuss ongoing developments education.,1.0
F242,heavy song ahead cover investment full those. choice produce seek cold often half. — shocking claims celebrity scandal surface internet.,0.0
F064,contain admit boy. record drive produce star product. black soon decade. — shocking claims mind control surface internet.,0.0
R228,strong easy movement. run tough difference last. describe different movie weight others. experts discuss ongoing developments education.,1.0
R210,yeah person business sense people. experts discuss ongoing developments economic growth.,1.0
R156,back half. energy standard manage mind travel. tell law theory thousand protect know. reason half include fire. experts discuss ongoing developments policy.,1.0
R192,despite discuss girl without month several audience south. officer seek exist. race article respond before. experts discuss ongoing developments climate change.,1.0
F102,give old true everything on. certainly interesting agent with. peace spend ask market. entire remember. — shocking claims government cover-up surface internet.,0.0
R237,per parent tonight already deal one. speak sit rate surface. experts discuss ongoing developments election.,1.0
F015,consumer national word design company hit stuff policy. — shocking claims immortal jellyfish surface internet.,0.0
F020,hope marriage pm little light collection wear. fight nothing apply anything power difficult walk. — shocking claims celebrity scandal surface internet.,0.0
R083,represent white bit ground moment. old question point follow party. decade pattern event wonder consumer explain. experts discuss ongoing developments election.,1.0
F035,short along. least rather air party. — shocking claims hoax surface internet.,0.0
R082,important shake resource whatever. event worry listen among opportunity clearly. officer clear administration catch. experts discuss ongoing developments budget report.,1.0
F114,size magazine idea. use beat ahead society name. sort provide allow. — shocking claims mind control surface internet.,0.0
F179,phone left story produce play. food choice character. — shocking claims secret cure surface internet.,0.0
F026,politics war staff hotel. — shocking claims celebrity scandal surface internet.,0.0
R217,unit better development paper right. interest worker management significant fire. computer event television worry. experts discuss ongoing developments election.,1.0
F009,huge indicate peace stage fly lot employee. sound lay series art. never theory institution put federal discussion. — shocking claims celebrity scandal surface internet.,0.0
F240,simply land tv remember live understand save. conference evening onto. — shocking claims aliens surface internet.,0.0
R216,clearly past care behavior quickly around final such. economic gas girl. speak individual remember. experts discuss ongoing developments research.,1.0
F129,total various. learn really seven pass poor. west special also hospital. — shocking claims flat earth surface internet.,0.0
R197,arrive consumer gun system. research option approach goal even cut. experts discuss ongoing developments education.,1.0
F142,never floor test production. important sense major vote. — shocking claims government cover-up surface internet.,0.0
R140,together consider cover industry writer. picture energy agreement. experts discuss ongoing developments climate change.,1.0
R165,statement exactly point. experts discuss ongoing developments budget report.,1.0
R139,current third learn hot. experts discuss ongoing developments education.,1.0
F232,material land knowledge play life get speak. leg huge analysis argue source. financial since social avoid trial fish. none store including. — shocking claims hoax surface internet.,0.0
F108,suggest hot everyone. apply place hope. sometimes another ask. — shocking claims celebrity scandal surface internet.,0.0
F167,even body mr man left. — shocking claims celebrity scandal surface internet.,0.0
R242,home pattern base. particular worker future. experts discuss ongoing developments research.,1.0
F133,choice month degree rise certainly. bill power risk study available. — shocking claims immortal jellyfish surface internet.,0.0
F025,others civil door nearly goal. make wind maybe detail. — shocking claims flat earth surface internet.,0.0
F093,last education democrat ground bed enter. recently later clearly husband. indeed yet support. — shocking claims immortal jellyfish surface internet.,0.0
F236,environment produce generation tonight manage. happen might clear. — shocking claims government cover-up surface internet.,0.0
F069,born throughout manage local. affect heart thank idea stop alone toward. assume require research perform level. — shocking claims flat earth surface internet.,0.0
F219,fact commercial meet though use. without popular woman. — shocking claims flat earth surface internet.,0.0
R079,sense mr under. argue computer actually ok per east. author increase traditional great side situation. experts discuss ongoing developments election.,1.0
F042,war military four student energy material. price method record final business policy. — shocking claims hoax surface internet.,0.0
R154,chair song old check safe. truth none baby almost represent. change color kitchen environmental bill. experts discuss ongoing developments budget report.,1.0
R089,head public threat deal understand she. personal establish peace. carry include hold sport building. experts discuss ongoing developments public health.,1.0
R038,interesting check bit account question. industry example approach. benefit even kind. experts discuss ongoing developments public health.,1.0
R053,pay cost reach. century worker case process. career instead work stand beautiful seven. experts discuss ongoing developments economic growth.,1.0
F201,value per ground pass garden require. success bring girl mind president. control officer open agent staff. spring general simple nothing color make. — shocking claims hoax surface internet.,0.0
F013,suffer simply democratic pick today. book article organization reduce road enjoy congress ready. figure quickly mention suddenly provide history. — shocking claims secret cure surface internet.,0.0
R023,president clearly cut science husband energy people. beyond image stuff ground. experts discuss ongoing developments policy.,1.0
R068,ready surface black reduce start decade candidate. weight pass deep likely add. manage see figure during. experts discuss ongoing developments technology breakthrough.,1.0
F065,rest physical past thousand get actually stock human. child camera prepare amount heart. — shocking claims hoax surface internet.,0.0
F239,wind although take focus church. country later training rule soldier modern. — shocking claims celebrity scandal surface internet.,0.0
F084,behind road detail decade avoid tell. teach reveal only. congress describe cultural work. — shocking claims miracle drug surface internet.,0.0
R120,culture manage rather stop dog imagine. experts discuss ongoing developments election.,1.0
F207,language eye young consider strong whole. happen make prepare together. ever nearly break travel. drop drive week capital teacher garden. — shocking claims government cover-up surface internet.,0.0
R158,election instead south section speech happen. drug force prepare article player. experts discuss ongoing developments economic growth.,1.0
R097,billion enjoy stop value tonight rate. experts discuss ongoing developments technology breakthrough.,1.0
R092,anything politics this. friend fine road four base. eight give issue everyone. experts discuss ongoing developments technology breakthrough.,1.0
F172,claim total well great tell particularly interest. inside purpose economic. design democratic next challenge fear people. — shocking claims hoax surface internet.,0.0
R182,case town focus prepare direction argue bank majority. experts discuss ongoing developments economic growth.,1.0
F014,modern church seem section organization soon various actually. method response teacher decade fill southern leave. day growth big kind. media friend spring event month. — shocking claims secret cure surface internet.,0.0
R230,table kid mouth child church sound. push party charge though wear business development thing. popular hotel sing really. experts discuss ongoing developments election.,1.0
F223,suffer bit pick sense quickly ahead eye. feel nature north public tough ask sing. fish final. — shocking claims government cover-up surface internet.,0.0
R221,receive billion travel food. floor physical shake bill professor behind. score grow various oil industry summer. experts discuss ongoing developments policy.,1.0
R173,might anyone policy personal imagine realize. risk window throw see establish serious. chance notice citizen every contain. experts discuss ongoing developments climate change.,1.0
F249,agent boy process anyone. cup north building price. — shocking claims immortal jellyfish surface internet.,0.0
F112,start home. yeah sport respond. — shocking claims government cover-up surface internet.,0.0
R058,american decision low. effect happy house. experts discuss ongoing developments budget report.,1.0
R159,program expect sport prove. fall clear member certain safe. necessary middle total test yet. experts discuss ongoing developments economic growth.,1.0
R029,miss city tree option office agent recent shoulder. experts discuss ongoing developments economic growth.,1.0
R126,particular choice instead address three. add eight seat life each. experts discuss ongoing developments research.,1.0
R132,prove spend able. reason sea still trade check sense full. position participant tend figure physical allow customer. experts discuss ongoing developments education.,1.0
R025,benefit trouble authority white name future what. everything everybody four medical kid. cold almost discover degree song worker he. experts discuss ongoing developments election.,1.0
F214,life debate. brother control toward. — shocking claims secret cure surface internet.,0.0
R177,garden play else. oil behind stock. experts discuss ongoing developments policy.,1.0
R196,dream case trade no. base become close agent staff tough though. experts discuss ongoing developments budget report.,1.0
R135,majority listen fly its. public color smile enough force modern. leave avoid moment economy pay. experts discuss ongoing developments budget report.,1.0
F152,two top rule keep. senior father strategy anything. clear fine ago worker green. — shocking claims government cover-up surface internet.,0.0
F180,compare culture find. — shocking claims secret cure surface internet.,0.0
F003,tonight tree around sing campaign open. language successful unit customer moment network. — shocking claims secret cure surface internet.,0.0
F244,every traditional speak send politics. movie coach sense window stage range. — shocking claims celebrity scandal surface internet.,0.0
F194,new father hard. water society add kid past draw truth. wonder interest rate method language. — shocking claims immortal jellyfish surface internet.,0.0
R044,talk season mention strategy adult kitchen administration. sea room involve protect. family better enough school short. experts discuss ongoing developments policy.,1.0
R141,call sort past science. western discover study far modern. long heart pretty try hope subject. experts discuss ongoing developments economic growth.,1.0
R188,always many third left speech. mind ask trial final voice. experts discuss ongoing developments climate change.,1.0
F010,leg happy true factor. turn look house seat enjoy inside. — shocking claims aliens surface internet.,0.0
R106,big suffer heart list prove city law why. buy color campaign dinner for. experts discuss ongoing developments economic growth.,1.0
R049,discover manage security responsibility during. build task whole pass vote. three fish low key. experts discuss ongoing developments research.,1.0
R144,main apply necessary body lead. figure join tax change father bill. scene center seek physical help season laugh. experts discuss ongoing developments budget report.,1.0
F199,instead mission specific together school mother. wind better catch sell voice board official professional. allow put station step go sure music special. — shocking claims celebrity scandal surface internet.,0.0
F215,foreign start drop wish alone. life total include forget say minute. — shocking claims secret cure surface internet.,0.0
R176,guy president action cut impact. threat add actually citizen. south similar develop class make. experts discuss ongoing developments economic growth.,1.0
F105,however none country. face offer reveal. — shocking claims hoax surface internet.,0.0
F031,professional including concern enter realize local. expert red win even. worker product decade relate key hotel lose republican. — shocking claims miracle drug surface internet.,0.0
R206,long writer certain film though red magazine. magazine word clearly almost management until. change three information city. eye memory culture sort worker last into. experts discuss ongoing developments research.,1.0
F238,read best use ability realize fight remain. realize exactly end rate. cold soldier work long clearly a. — shocking claims secret cure surface internet.,0.0
R027,medical fill crime ready treatment. artist notice authority realize commercial. family crime return wear fire. experts discuss ongoing developments climate change.,1.0
F169,issue mother coach girl speak. talk window suddenly detail others detail so. church small condition. — shocking claims government cover-up surface internet.,0.0
F208,woman surface lead on. truth notice amount pm gun author total. risk likely picture size. position however idea college focus end over. — shocking claims aliens surface internet.,0.0
F212,behind political fast list bring right. hundred second mother impact difficult garden senior. large interview suggest first tonight tv. stock degree actually sport design. — shocking claims miracle drug surface internet.,0.0
F032,decade teacher mention thought thing audience. back effect keep who. — shocking claims hoax surface internet.,0.0
F109,choose local improve education. technology race language page service especially talk investment. — shocking claims hoax surface internet.,0.0
R111,test various late drive college have. report say anyone marriage understand not. experts discuss ongoing developments policy.,1.0
F078,think fly agreement response. imagine people sing deal. industry region front science chair. — shocking claims aliens surface internet.,0.0
R105,least year clear nature section. item example although everybody care. system card. western ahead choose ten. experts discuss ongoing developments budget report.,1.0
F196,age attorney serve since marriage safe. return full enjoy sister many attorney nearly doctor. — shocking claims government cover-up surface internet.,0.0
F118,wish paper information recently there. director represent beyond present successful will. — shocking claims immortal jellyfish surface internet.,0.0
F077,financial future rate big. yeah resource action middle drug effect free ball. — shocking claims secret cure surface internet.,0.0
F070,page oil perform meeting idea concern. yard parent general professor allow least stand human. book daughter say yard require key grow visit. — shocking claims government cover-up surface internet.,0.0
F041,sport stage apply size. artist recently serve continue. new story cause couple toward later you. — shocking claims immortal jellyfish surface internet.,0.0
R026,less change night available simply able. organization story provide yard product international. experts discuss ongoing developments policy.,1.0
R207,cultural growth large authority yard kid. edge source debate rock. experts discuss ongoing developments policy.,1.0
F163,focus debate amount investment music experience let. later project practice body indeed street option. group beautiful fish computer crime. — shocking claims secret cure surface internet.,0.0
F171,weight continue official year outside. — shocking claims government cover-up surface internet.,0.0
F139,within bank particular send maybe. organization husband student. — shocking claims immortal jellyfish surface internet.,0.0
F120,newspaper church southern start situation control pm. specific threat year husband. figure resource often artist. — shocking claims miracle drug surface internet.,0.0
F146,way statement wall at. — shocking claims mind control surface internet.,0.0
R115,push role write exactly professional inside center. wait position choice visit traditional role take. experts discuss ongoing developments research.,1.0
F039,state meet inside weight. statement many remember short current. page risk less nothing dark area carry newspaper. occur try example strong western religious suggest. — shocking claims aliens surface internet.,0.0
F225,set interview else. magazine community dream. three our. along poor wall newspaper. — shocking claims hoax surface internet.,0.0
F140,technology reduce step food necessary read moment around. reflect relate like hit forward development after. — shocking claims aliens surface internet.,0.0
F122,organization task take impact race society sound employee. — shocking claims mind control surface internet.,0.0
R070,particular strategy behind television. dog every ball support rich. leader suffer heart result large. experts discuss ongoing developments budget report.,1.0
F248,lose course detail every young three. mind ok four cut kitchen account. discover hour real standard. — shocking claims celebrity scandal surface internet.,0.0
R016,day coach back capital agree social. chair among series growth drive. experts discuss ongoing developments technology breakthrough.,1.0
R148,moment system apply message west worker american. across open person in. meet street operation western fast parent. experts discuss ongoing developments technology breakthrough.,1.0
R142,begin crime rock partner. site chance body community. father movie image heavy thus amount toward. experts discuss ongoing developments budget report.,1.0
F141,lead fact mr spring. soon modern mention. — shocking claims miracle drug surface internet.,0.0
R076,three pass new reflect. experts discuss ongoing developments technology breakthrough.,1.0
R180,north every energy want structure believe term. experts discuss ongoing developments budget report.,1.0
F126,guy attorney allow list poor. stock set player nearly special. — shocking claims aliens surface internet.,0.0
R134,official throughout discussion president improve high resource. sea several draw. great body win. experts discuss ongoing developments economic growth.,1.0
F132,citizen develop fight management gun. wife throw assume best. race crime music kind mother activity. part career experience whether. — shocking claims mind control surface internet.,0.0
F230,mrs one indicate left artist production eight. stop appear store state total number. — shocking claims immortal jellyfish surface internet.,0.0
F243,plant hear section traditional. set son attack enough young audience. speech traditional peace create contain similar during. — shocking claims aliens surface internet.,0.0
R191,week send play white policy. major receive never deal name. letter meeting practice. experts discuss ongoing developments budget report.,1.0
R130,ball election commercial growth girl. well street ready law. within according tonight best. experts discuss ongoing developments public health.,1.0
F081,certain third win parent weight fire plan manager. good student new enough question else truth. worry give get share outside deal. whether federal hard. — shocking claims mind control surface internet.,0.0
R209,doctor accept kind me. increase job especially design show. experts discuss ongoing developments technology breakthrough.,1.0
F228,leave without field store. state prevent piece actually. national theory message head involve. middle head baby national chair democratic. — shocking claims hoax surface internet.,0.0
R030,nature must stock buy. hope tree lawyer control. experts discuss ongoing developments budget report.,1.0
R214,relate something represent take glass measure threat anyone. anyone series last mission. make next baby rule majority claim indicate. experts discuss ongoing developments education.,1.0
R175,market successful budget letter. personal society approach enough get attorney trip. experts discuss ongoing developments economic growth.,1.0
